Area,Category - Split 1,Name,Price,Searched City,Hidden Gem,Star,Stars count
Downtown,Italian,The Pink Door,$$,Seattle,Other,4.5,5473
Capitol Hill,Tapas/Small Plates,Nue,$$,Seattle,Other,4,1067
Downtown,Breakfast & Brunch,Biscuit Bitch,$,Seattle,Other,4,4046
Denny Triangle,American (New),2120,$$$,Seattle,Other,4,421
Capitol Hill,Southern,Witness,$$,Seattle,Other,4.5,847
Ballard,Seafood,The Walrus and the Carpenter,$$$,Seattle,Other,4,1680
Interbay,American (New),Six Seven Restaurant,$$$,Seattle,Other,4,1072
Belltown,Tapas/Small Plates,List,$$,Seattle,Other,4.5,1948
Belltown,American (New),Tilikum Place Cafe,$$,Seattle,Other,4.5,2091
Waterfront,Seafood,Elliott’s Oyster House,$$$,Seattle,Other,4,3658
Lower Queen Anne,Breakfast & Brunch,Toulouse Petit Kitchen & Lounge,$$,Seattle,Other,4,4254
Belltown,Seafood,Shaker + Spear,$$,Seattle,Other,4.5,843
Downtown,American (New),Purple Café and Wine Bar,$$$,Seattle,Other,4,2511
South Lake Union,Bars,The White Swan Public House,$$,Seattle,Other,4,288
Downtown,Seafood,Pike Place Chowder,$$,Seattle,Other,4.5,7695
Pioneer Square,Cocktail Bars,Damn the Weather,$$,Seattle,Other,4,468
Capitol Hill,Barbeque,Ishoni Yakiniku,n/a,Seattle,Hidden Gem,4.5,59
South Lake Union,Sushi Bars,Katsu-ya Seattle,$$,Seattle,Hidden Gem,4.5,89
First Hill,Noodles,Biang Biang Noodles,$$,Seattle,Other,4,228
Capitol Hill,Malaysian,Kedai Makan,$$,Seattle,Other,4,988
Capitol Hill,Italian,Cascina Spinasse,$$$,Seattle,Other,4.5,1106
Downtown,American (New),Radiator Whiskey,$$,Seattle,Other,4.5,1272
Ballard,American (New),Sawyer,n/a,Seattle,Hidden Gem,4.5,403
Capitol Hill,Malaysian,Kedai Makan,$$,Seattle,Other,4,988
Queen Anne,Italian,How To Cook a Wolf,$$$,Seattle,Other,4,956
Pioneer Square,Seafood,Taylor Shellfish Oyster Bar,$$,Seattle,Other,4.5,771
South Lake Union,American (New),re:public,$$,Seattle,Other,4,575
Downtown,Italian,Pasta Casalinga,$$,Seattle,Hidden Gem,4.5,208
Capitol Hill,Mexican,Fogón Cocina Mexicana,$$,Seattle,Other,4.5,1601
Belltown,American (New),Some Random Bar,$$,Seattle,Other,4.5,995
Downtown,American (New),Zig Zag Cafe,$$,Seattle,Other,4.5,1037
Eastlake,Italian,Pomodoro,$$,Seattle,Hidden Gem,4.5,494
Downtown,Breakfast & Brunch,Skalka,$$,Seattle,Hidden Gem,4.5,274
Central District,Breakfast & Brunch,Skillet Capitol Hill,$$,Seattle,Other,4,2004
Atlantic,Bars,Reckless Noodle House,$$,Seattle,Hidden Gem,4.5,263
Capitol Hill,Mexican,Fogón Cocina Mexicana,$$,Seattle,Other,4.5,1601
South Lake Union,Bars,LOCAL Public Eatery,$$,Seattle,Other,4,415
Denny Triangle,Italian,G.H. Pasta Co.,$$,Seattle,Hidden Gem,4.5,241
Capitol Hill,Barbeque,Meet Korean BBQ,$$$,Seattle,Hidden Gem,4.5,150
South Lake Union,Seafood,Bar Harbor,$$,Seattle,Other,4,237
Downtown,American (New),Von’s 1000 Spirits,$$,Seattle,Other,4.5,1946
Capitol Hill,American (New),Olmstead,$$,Seattle,Other,4,104
Capitol Hill,Asian Fusion,Stateside,$$,Seattle,Other,4,953
South Lake Union,Lebanese,Tanoor,n/a,Seattle,Hidden Gem,4.5,68
,Korean,Marination Ma Kai,$$,Seattle,Other,4,1102
Downtown,Brewpubs,Old Stove Brewing,$$,Seattle,Other,4.5,634
Westlake,American (New),Canlis,$$$$,Seattle,Other,4,1524
Fremont,Caribbean,Paseo,$$,Seattle,Other,4.5,5216
Pioneer Square,Italian,84 Yesler,n/a,Seattle,Hidden Gem,5,43
Madison Park,Korean,Hanok,$$,Seattle,Hidden Gem,4.5,115
First Hill,Asian Fusion,Di Fiora,n/a,Seattle,Hidden Gem,4.5,271
Central District,Soul Food,COMMUNION Restaurant and Bar,n/a,Seattle,Hidden Gem,4.5,77
South Lake Union,Latin American,Gold Bar,$$,Seattle,Hidden Gem,4.5,87
Denny Triangle,Steakhouses,The Butcher’s Table,$$$$,Seattle,Other,4,558
Capitol Hill,Mexican,D’ La Santa,$$,Seattle,Hidden Gem,4.5,314
Fremont,Japanese,Hannyatou,n/a,Seattle,Hidden Gem,5,32
Belltown,Italian,Tavolàta,$$$,Seattle,Other,4,1029
South Lake Union,Tex-Mex,Cactus Restaurants,$$,Seattle,Other,4,816
Magnolia,Seafood,Palisade,$$$,Seattle,Other,4,1465
Beacon Hill,Filipino,Musang Seattle,$$,Seattle,Hidden Gem,4.5,158
South Lake Union,Barbeque,Cask & Trotter,$$,Seattle,Other,4,625
,Seafood,Salty’s on Alki Beach,$$$,Seattle,Other,4,2005
Magnolia,Seafood,Palisade,$$$,Seattle,Other,4,1465
South Lake Union,Korean,Stone Korean Restaurant,$$,Seattle,Other,4,187
Downtown,Bakeries,Piroshky Piroshky,$,Seattle,Other,4.5,6510
Fremont,Taiwanese,19 GOLD,$$,Seattle,Other,4.5,531
Capitol Hill,Pakistani,Karachi Cowboys,n/a,Seattle,Hidden Gem,4.5,18
Central District,Laotian,Taurus Ox,$$,Seattle,Hidden Gem,4.5,164
Pioneer Square,Latin American,Dead Line,$$,Seattle,Hidden Gem,4.5,232
Lower Queen Anne,Korean,Paju,$$,Seattle,Hidden Gem,4.5,157
Capitol Hill,Sushi Bars,Rondo,$$,Seattle,Hidden Gem,4.5,191
Lower Queen Anne,Korean,Paju,$$,Seattle,Hidden Gem,4.5,157
University District,Chinese,Xi’an Noodles,$$,Seattle,Other,4.5,910
Capitol Hill,Ramen,Ramen Danbo,$$,Seattle,Other,4.5,1356
Chinatown,Cantonese,A + Hong Kong Kitchen,$$,Seattle,Other,4,596
Belltown,Japanese,Karaage Setsuna,$$,Seattle,Hidden Gem,4.5,390
Pioneer Square,Latin American,Dead Line,$$,Seattle,Hidden Gem,4.5,232
Ballard,Mexican,Asadero Ballard,$$,Seattle,Other,4.5,751
Denny Triangle,Asian Fusion,Marination,$$,Seattle,Other,4,290
Pioneer Square,Cocktail Bars,Intermezzo Carmine,$$,Seattle,Hidden Gem,4.5,241
Capitol Hill,Lebanese,Mamnoon,$$,Seattle,Other,4,1010
South Lake Union,Vietnamese,Mala & Satay,$$,Seattle,Hidden Gem,4.5,77
Belltown,Greek,Lola,$$,Seattle,Other,4,3932
Mount Baker,French,iconiq,$$$,Seattle,Hidden Gem,4.5,110
Capitol Hill,Korean,Soju Anju Bar,n/a,Seattle,Other,4,58
First Hill,Italian,Tavolàta,$$,Seattle,Other,4,343
Chinatown,Barbeque,Harbor City Restaurant,$$,Seattle,Other,4,1779
Lower Queen Anne,Creperies,Citizen,$$,Seattle,Other,4,1029
Japantown,Japanese,Tsukushinbo,$$,Seattle,Other,4,963
Chinatown,Chinese,Mike’s Noodle House,$$,Seattle,Other,4,1186
Leschi,Coffee & Tea,Meet the Moon,$$,Seattle,Other,4,552
Belltown,Sushi Bars,Shiro’s,$$$$,Seattle,Other,4.5,2269
South Lake Union,Tacos,Tacos Chukis,$,Seattle,Hidden Gem,4.5,453
Ballard,American (New),Copine,$$$,Seattle,Hidden Gem,4.5,200
Capitol Hill,American (New),Violet,$$$,Seattle,Hidden Gem,4.5,98
Fremont,Indian,Rasai Indian,n/a,Seattle,Other,4,95
Central District,Southern,Fat’s Fried Chicken & Waffles,$$,Seattle,Other,4.5,631
Downtown,Shanghainese,Dough Zone - Seattle Pine St.,$$,Seattle,Other,4,502
Fremont,Thai,Kin Len Thai Night Bites,$$,Seattle,Hidden Gem,4.5,275
Chinatown,Korean,Baegopa,n/a,Seattle,Other,4,75
Downtown,Shanghainese,Dough Zone - Seattle Pine St.,$$,Seattle,Other,4,502
Fremont,Halal,Cafe Turko,$$,Seattle,Other,4.5,1082
Chinatown,Korean,Baegopa,n/a,Seattle,Other,4,75
Belltown,Breakfast & Brunch,Biscuit Bitch,$$,Seattle,Other,4.5,1477
SoDo,Chicken Shop,Cookie’s Country Chicken,$$,Seattle,Hidden Gem,4.5,69
South Lake Union,Scandinavian,Café Hagen,n/a,Seattle,Other,4,151
Queen Anne,American (New),Eden Hill Restaurant,$$$$,Seattle,Hidden Gem,4.5,238
Capitol Hill,Cafes,Finch & Pine,n/a,Seattle,Hidden Gem,5,7
South Lake Union,Korean,Bentoful,n/a,Seattle,Hidden Gem,4.5,15
Capitol Hill,Italian,Altura,$$$$,Seattle,Other,4.5,580
Capitol Hill,Szechuan,Lionhead,$$,Seattle,Other,4,266
Capitol Hill,Seafood,Taylor Shellfish Farms - Seattle,$$$,Seattle,Other,4,1114
Eastlake,Korean,Son of A Butcher,$$,Seattle,Other,4,138
First Hill,American (New),Quinn’s,$$,Seattle,Other,4,1305
Denny Triangle,Italian,Cinque Terre Ristorante,$$,Seattle,Other,4,426
Madison Valley,Tapas Bars,The Harvest Vine,$$$,Seattle,Other,4.5,623
Chinatown,Shanghainese,Dough Zone - International District,$$,Seattle,Other,4,1098
Capitol Hill,Italian,Due’ Cucina Italiana - Capitol Hill,$$,Seattle,Other,4.5,602
Fremont,Seafood,Le Coin,$$,Seattle,Hidden Gem,4.5,258
Madison Valley,Japanese,Azuki Handmade Japanese Udon Noodles,$$,Seattle,Hidden Gem,4.5,101
Madrona,Wine Bars,Bottlehouse,$$,Seattle,Hidden Gem,4.5,350
Belltown,Vietnamese,Meekong Bar,$$,Seattle,Hidden Gem,4.5,474
Capitol Hill,Cafes,Finch & Pine,n/a,Seattle,Hidden Gem,5,7
Capitol Hill,Szechuan,Lionhead,$$,Seattle,Other,4,266
Capitol Hill,Izakaya,Taku,$$,Seattle,Other,4,68
South Lake Union,American (New),Birch,n/a,Seattle,Hidden Gem,4.5,26
Fremont,Cajun/Creole,S/T Hooligans,$$,Seattle,Hidden Gem,5,244
Little Saigon,Vietnamese,Tamarind Tree,$$,Seattle,Other,4,1438
Chinatown,Comfort Food,Gan Bei,n/a,Seattle,Other,4,67
Madison Valley,Vegetarian,Cafe Flora,$$,Seattle,Other,4,1290
Fremont,Cajun/Creole,S/T Hooligans,$$,Seattle,Hidden Gem,5,244
Capitol Hill,Pizza,Blotto,n/a,Seattle,Hidden Gem,5,11
South Lake Union,Vietnamese,Ba Bar,$$,Seattle,Other,3.5,259
Madison Valley,Vegetarian,Cafe Flora,$$,Seattle,Other,4,1290
Chinatown,Korean,ChungChun Rice Hot Dog,$,Seattle,Hidden Gem,4.5,400
Central District,Korean,Seoul Bowl & Bar,$$,Seattle,Hidden Gem,4.5,55
Downtown,Southern,The Hart and The Hunter,$$,Seattle,Other,4,133
Interbay,Puerto Rican,Addo 206,n/a,Seattle,Hidden Gem,4.5,9
Capitol Hill,Tapas/Small Plates,Herb & Bitter Public House,$$,Seattle,Other,4,341
Chinatown International District,Noodles,Phnom Penh Noodle House,n/a,Seattle,Hidden Gem,4.5,73
South Lake Union,Vietnamese,Ba Bar,$$,Seattle,Other,3.5,259
Capitol Hill,Ramen,Kizuki Ramen & Izakaya,$$,Seattle,Other,4,1352
Capitol Hill,Japanese,Momiji,$$,Seattle,Other,4,1512
Downtown,American (New),Ben Paris,$$,Seattle,Other,4,298
South Lake Union,Cocktail Bars,Art Marble 21,$$,Seattle,Other,3.5,376
University District,American (New),Portage Bay Cafe - Roosevelt,$$,Seattle,Other,4,2504
Capitol Hill,Vietnamese,Monsoon Seattle,$$,Seattle,Other,4,659
Capitol Hill,Tapas/Small Plates,Herb & Bitter Public House,$$,Seattle,Other,4,341
Capitol Hill,Bars,Smith,$$,Seattle,Other,4,870
Belltown,American (New),Local 360,$$,Seattle,Other,4,3163
Belltown,Bars,Rocco’s,$$,Seattle,Other,4,1563
Denny Triangle,Asian Fusion,Wild Ginger,$$,Seattle,Other,4,111
Capitol Hill,Bars,Smith,$$,Seattle,Other,4,870
Belltown,American (New),Local 360,$$,Seattle,Other,4,3163
Capitol Hill,American (New),Terra Plata,$$$,Seattle,Other,4,982
Fremont,Japanese,Kamonegi,$$,Seattle,Other,4,293
Capitol Hill,Modern European,Dacha Diner,$$,Seattle,Hidden Gem,4.5,98
University District,Korean,The Alley,n/a,Seattle,Hidden Gem,4.5,95
Denny Triangle,American (New),South Lake Kitchen + Bar,n/a,Seattle,Hidden Gem,5,4
Capitol Hill,Mexican,Tacos Chukis,$,Seattle,Other,4.5,1772
Ballard,Southern,Parish Northwest,n/a,Seattle,Hidden Gem,4.5,64
Alki,Italian,Il Nido,n/a,Seattle,Hidden Gem,4.5,130
Lower Queen Anne,Bars,Sisters And Brothers,$$,Seattle,Other,4,615
Wallingford,American (New),Kokkaku,$$$,Seattle,Other,4,218
Downtown,Hot Pot,Haidilao Hot Pot,$$$,Seattle,Hidden Gem,4.5,169
Interbay,Cocktail Bars,Champagne Diner,$$,Seattle,Other,4,82
South Lake Union,Steakhouses,Daniel’s Broiler,$$$$,Seattle,Other,3.5,860
South Lake Union,Vietnamese,Sizzle&Crunch,n/a,Seattle,Other,4,27
Downtown,Italian,Cortina,$$$,Seattle,Other,4,178
South Lake Union,Southern,Jack’s Chicken Shack,n/a,Seattle,Hidden Gem,4.5,29
Downtown,American (New),Charlotte Restaurant & Lounge,n/a,Seattle,Hidden Gem,4.5,74
Downtown,Seafood,Pike Place Chowder,$$,Seattle,Other,4,1247
Interbay,Seafood,AQUA by El Gaucho,$$$$,Seattle,Other,4,965
Haller Lake,Barbeque,Niku Niku Japanese Barbecue,n/a,Seattle,Hidden Gem,4.5,43
Wallingford,Comfort Food,Drunken Chicken,n/a,Seattle,Other,4,30
Chinatown,Hong Kong Style Cafe,A+ Hong Kong Restaurant,n/a,Seattle,Hidden Gem,4.5,28
Capitol Hill,Mexican,Tacos Chukis,$,Seattle,Other,4.5,1772
Belltown,Japanese,wa’z,$$$$,Seattle,Hidden Gem,4.5,119
Capitol Hill,Bars,Bar Cotto,$$,Seattle,Hidden Gem,4.5,292
South Lake Union,Sushi Bars,Teinei,$$,Seattle,Other,4,233
Chinatown,Szechuan,Chengdu Taste 滋味成都,n/a,Seattle,Other,4,64
Belltown,Japanese,wa’z,$$$$,Seattle,Hidden Gem,4.5,119
Downtown,Seafood,Market Grill,$$,Seattle,Other,4.5,563
Capitol Hill,Mongolian,Star Fusion & Bar,$$,Seattle,Hidden Gem,5,124
Denny Triangle,Wine Bars,Le Caviste,$$,Seattle,Hidden Gem,4.5,251
Waterfront,Seafood,The Crab Pot,$$$,Seattle,Other,3,2312
Wallingford,American (New),mkt.,$$$,Seattle,Hidden Gem,4.5,324
Downtown,Thai,Noi Thai Cuisine,$$,Seattle,Other,4,868
Denny Triangle,Chicken Shop,Ma’ono Fried Chicken,$$,Seattle,Hidden Gem,4.5,23
University District,American (New),JOEY Kitchen At University Village,$$,Seattle,Other,4,811
Downtown,Cocktail Bars,Bad Bishop,n/a,Seattle,Hidden Gem,4.5,50
Belltown,American (New),Black Bottle,$$,Seattle,Other,4,1112
Wallingford,Noodles,Dumpling The Noodle,$$,Seattle,Hidden Gem,4.5,181
South Lake Union,Southern,Jack’s Chicken Shack,n/a,Seattle,Hidden Gem,4.5,29
Madison Park,Italian,How to Cook a Wolf,n/a,Seattle,Other,4,38
Capitol Hill,Sushi Bars,Taneda Sushi in Kaiseki,$$$$,Seattle,Hidden Gem,5,205
Downtown,American (New),The Carlile Room,$$,Seattle,Other,4,472
Fremont,American (New),Art of The Table,$$$$,Seattle,Other,4,672
Fremont,Seafood,Local Tide,n/a,Seattle,Hidden Gem,4.5,82
Capitol Hill,Chinese,Qin Xi’an Noodles,$$,Seattle,Other,4,344
Little Saigon,Chicken Wings,Mangosteen,n/a,Seattle,Hidden Gem,4.5,76
Belltown,Bars,Bangrak Market,$$,Seattle,Other,4,597
,Coffee & Tea,Cafe Opla,$$,Seattle,Other,4,242
South Lake Union,Mexican,El Grito Taqueria,$$,Seattle,Other,4,206
Downtown,Thai,Noi Thai Cuisine,$$,Seattle,Other,4,868
Little Saigon,Vietnamese,Pho Bac Súp Shop,$$,Seattle,Other,4,769
Downtown,Lounges,Oliver’s Lounge,$$,Seattle,Other,4,166
Lower Queen Anne,Seafood,Taylor Shellfish Oyster Bar,$$,Seattle,Other,4,643
Denny Triangle,Japanese,Nana’s Green Tea,$$,Seattle,Other,4,922
South Lake Union,Food Delivery Services,Man vs Fries,n/a,Seattle,Other,3.5,98
Fremont,Seafood,Local Tide,n/a,Seattle,Hidden Gem,4.5,82
South Lake Union,Food Delivery Services,Man vs Fries,n/a,Seattle,Other,3.5,98
Little Saigon,Chicken Wings,Mangosteen,n/a,Seattle,Hidden Gem,4.5,76
Capitol Hill,Italian,Ristorante Machiavelli,$$,Seattle,Other,4,875
Atlantic,Barbeque,Wood Shop BBQ,$$,Seattle,Other,4.5,542
Denny Triangle,Bars,Mr. West Cafe Bar,$$,Seattle,Other,4,595
Denny Triangle,Breakfast & Brunch,Bounty Kitchen Denny Triangle,$$,Seattle,Other,4,97
,Coffee & Tea,Cafe Opla,$$,Seattle,Other,4,242
Lower Queen Anne,Seafood,Taylor Shellfish Oyster Bar,$$,Seattle,Other,4,643
Capitol Hill,Izakaya,Tamari Bar,$$,Seattle,Other,4,392
Fremont,American (New),The Backdoor,$$,Seattle,Other,4,280
Capitol Hill,Thai,Morfire,$$,Seattle,Hidden Gem,4.5,215
Queen Anne,Mediterranean,Grappa,$$,Seattle,Other,4,277
First Hill,Bars,HoneyHole Sandwiches,$$,Seattle,Other,4,1455
Queen Anne,American (New),Betty,$$,Seattle,Other,4,373
Lower Queen Anne,Sushi Bars,Moon Tree Sushi And Tapas,$$,Seattle,Hidden Gem,4.5,199
Downtown,Tapas/Small Plates,Habitant,$$,Seattle,Hidden Gem,4.5,58
Mapleleaf,Hawaiian,Kona Kitchen - Seattle,$$,Seattle,Other,4,1033
Downtown,French,Café Campagne,$$,Seattle,Other,4,1153
Capitol Hill,American (New),Harry’s Fine Foods,$$,Seattle,Other,4,178
Mapleleaf,Hawaiian,Kona Kitchen - Seattle,$$,Seattle,Other,4,1033
Lower Queen Anne,Sushi Bars,Moon Tree Sushi And Tapas,$$,Seattle,Hidden Gem,4.5,199
Ballard,American (New),The Ballard Cut,$$$,Seattle,Hidden Gem,4.5,106
Fremont,American (New),Eve Fremont,$$,Seattle,Other,4,277
Capitol Hill,Indian,Spice Waala,$,Seattle,Hidden Gem,4.5,205
Phinney Ridge,Pizza,Windy City Pie,$$,Seattle,Other,4.5,514
Downtown,Tapas/Small Plates,Habitant,$$,Seattle,Hidden Gem,4.5,58
Downtown,American (New),Aerlume,n/a,Seattle,Other,4,158
Chinatown International District,Coffee Roasteries,Hello Em Viet Coffee & Roastery,$,Seattle,Hidden Gem,4.5,128
Queen Anne,Salad,Bounty Kitchen,$$,Seattle,Hidden Gem,4.5,370
,Italian,Carmine’s,$$$,Bellevue,Other,4,365
,American (New),Black Bottle,$$,Bellevue,Other,4,679
,Spanish,Castilla Restaurant and Tapas Bar,$$,Bellevue,Other,4,221
,Shanghainese,Xiao Chi Jie,$$,Bellevue,Other,4,291
,Korean,Musashi Cafe Yeti Bento,$$,Bellevue,Hidden Gem,4.5,208
,Noodles,So Tasty,$$,Bellevue,Hidden Gem,4.5,117
,Greek,Mediterranean Kitchen,$$,Bellevue,Other,4,1067
,Sushi Bars,Japonessa Sushi Cocina,$$,Bellevue,Other,4,888
,Chinese,Facing East,$$,Bellevue,Other,4,1921
,Tex-Mex,Cactus Restaurants,$$,Bellevue,Other,4,827
,Seafood,Crab Season,n/a,Bellevue,Hidden Gem,4.5,79
,Thai,Fern Thai on Main,$$,Bellevue,Hidden Gem,4.5,286
,Sushi Bars,Ascend Prime Steak & Sushi,$$$$,Bellevue,Other,4,838
,Chinese,The Dolar Shop,$$$,Bellevue,Other,4,706
Downtown,Italian,The Pink Door,$$,Bellevue,Other,4.5,5474
,Turkish,Istanbul Cuisine Cafe,$$,Bellevue,Hidden Gem,4.5,347
,Mexican,Cielo Cocina Mexicana,$$,Bellevue,Other,4,177
,Korean,Mama’s Kitchen,$$,Bellevue,Other,4,302
,Sushi Bars,Kura Revolving Sushi Bar,$$,Bellevue,Other,3.5,154
,Taiwanese,Din Tai Fung,$$,Bellevue,Other,4,4035
,Taiwanese,Din Tai Fung,$$,Bellevue,Other,4,4035
,Barbeque,Gyu-Kaku Japanese BBQ,$$$,Bellevue,Other,4,613
,Korean,Bowl Gogi,$$,Bellevue,Hidden Gem,4.5,69
,Buffets,Shaburina,$$$,Bellevue,Other,4,301
,American (New),Tavern Hall,$$,Bellevue,Other,4,766
,Dim Sum,Dough Zone - Downtown Bellevue,$$,Bellevue,Other,4,64
,Brazilian,Fogo de Chao,$$$,Bellevue,Other,4,913
,Japanese,Shabu Shabu Kyoto Japanese Restaurant,$$,Bellevue,Other,4,206
,Chinese,151 Days,$$,Bellevue,Hidden Gem,4.5,36
,Izakaya,Jiang’s Kitchen,n/a,Bellevue,Hidden Gem,5,7
,Chinese,151 Days,$$,Bellevue,Hidden Gem,4.5,36
,Bubble Tea,Ten Seconds Yunnan Rice Noodle,$$,Bellevue,Hidden Gem,4.5,82
,Seafood,Duke’s Seafood,$$,Bellevue,Other,4,406
Leschi,Coffee & Tea,Meet the Moon,$$,Bellevue,Other,4,553
,Korean,The Third Place,$$,Bellevue,Hidden Gem,4.5,184
,Pizza,DERU Market,$$,Bellevue,Other,4.5,1416
,Barbeque,Luna Bistro 君月庭,$$,Bellevue,Other,4,110
,Cocktail Bars,Woodblock,$$,Bellevue,Other,4,761
,Indian,Desi Tadka Indian Grill,n/a,Bellevue,Hidden Gem,4.5,26
,American (New),Seastar Restaurant & Raw Bar,$$$,Bellevue,Other,4,997
,Japanese,Musashi’s,$$,Bellevue,Other,4,753
,Szechuan,Nine Way 玖味,$$,Bellevue,Hidden Gem,4.5,136
,Bars,Forum Social House,$$,Bellevue,Other,4,61
,Japanese,Donburi Station - Bellevue,$$,Bellevue,Hidden Gem,4.5,45
,Sushi Bars,Sushi J,$$,Bellevue,Hidden Gem,4.5,236
,Chicken Shop,Bok a Bok Fried Chicken,n/a,Bellevue,Other,3,17
,American (New),JOEY Bellevue,$$,Bellevue,Other,3.5,970
,Steakhouses,STK Steakhouse Bellevue,n/a,Bellevue,Other,3,105
,Ramen,Kizuki Ramen & Izakaya,$$,Bellevue,Other,4,1311
,Seafood,Krawbar,n/a,Bellevue,Hidden Gem,4.5,197
,Ramen,Kizuki Ramen & Izakaya,$$,Bellevue,Other,4,1311
,Japanese,Sandwich House TRES,$,Bellevue,Other,4.5,529
,Mexican,Loco-chon Bar & Grill,n/a,Bellevue,Hidden Gem,4.5,77
,Thai,Sukho Thai,$$,Bellevue,Hidden Gem,4.5,456
,American (New),Bis on Main,$$$,Bellevue,Other,3.5,442
,American (New),The Stone House,$$$,Bellevue,Hidden Gem,4.5,448
,Chinese,Tian Fu,n/a,Bellevue,Other,4,4
,Italian,Due’ Cucina Italiana - Totem Lake,$$,Bellevue,Hidden Gem,4.5,101
,French,Feast,$$,Bellevue,Other,4,84
,Italian,Como,$$,Bellevue,Other,3.5,191
Interbay,American (New),Six Seven Restaurant,$$$,Bellevue,Other,4,1071
,Food Trucks,La Chingona Taqueria,n/a,Bellevue,Hidden Gem,5,77
,American (New),Bake’s Place Bar & Bistro,$$$,Bellevue,Other,4,272
Capitol Hill,Barbeque,Ishoni Yakiniku,n/a,Bellevue,Hidden Gem,4.5,59
,Taiwanese,Looking For Chai,$$,Bellevue,Other,4,218
,Dim Sum,Dough Zone - Overlake,$$,Bellevue,Other,4,899
,Bars,Sam’s Tavern,$$,Bellevue,Other,3.5,70
,American (Traditional),The Pumphouse Bar & Grill,$$,Bellevue,Other,4,332
,Chinese,Fan Tang Asian Cafe,$$,Bellevue,Hidden Gem,4.5,49
,Steakhouses,El Gaucho - Bellevue,$$$$,Bellevue,Other,4,699
,Steakhouses,John Howie Steak Restaurant,$$$$,Bellevue,Other,4,1399
Madison Park,Korean,Hanok,$$,Bellevue,Hidden Gem,4.5,115
,American (New),Water’s Table,$$,Bellevue,Other,3.5,434
,Korean,Chi Mac Bellevue,$$,Bellevue,Other,3.5,92
,Desserts,Hui Lau Shan,$,Bellevue,Other,4,73
Haller Lake,Barbeque,Niku Niku Japanese Barbecue,n/a,Bellevue,Hidden Gem,4.5,43
,Hong Kong Style Cafe,Maichilin,n/a,Bellevue,Other,3.5,89
,American (Traditional),Central Bar + Restaurant,$$,Bellevue,Other,3.5,185
,Italian,Pogacha Restaurant & Bar,n/a,Bellevue,Hidden Gem,4.5,28
,Afghan,Afghan Cuisine,$$,Bellevue,Other,4,298
,Vietnamese,Square Lotus,$$,Bellevue,Other,4,714
Roosevelt,Italian,Due’ Cucina Italiana - Roosevelt,n/a,Bellevue,Other,4,5
,Japanese,Minamoto Japanese Restaurant,$$$,Bellevue,Other,3.5,290
,Vietnamese,Monsoon Bellevue,$$$,Bellevue,Other,3.5,633
,Sushi Bars,I Love Sushi on Lake Bellevue,$$,Bellevue,Other,4,531
,Japanese Curry,Hurry Curry of Tokyo - Bellevue,n/a,Bellevue,Other,3.5,48
,Thai,Bai Tong Thai Restaurant,$$,Bellevue,Other,4,1380
,Pizza,Mioposto,$$,Bellevue,Other,4,174
,Breakfast & Brunch,Eques,$$,Bellevue,Other,4,281
,Chinese,Peony Kitchen,$$,Bellevue,Other,3.5,461
,Tacos,Señor Taco,$,Bellevue,Hidden Gem,4.5,289
,Lounges,Lil’ Jon Restaurant & Lounge,$$,Bellevue,Other,4,575
,American (New),47 North Bar + Bistro,n/a,Bellevue,Other,4,12
,Cocktail Bars,AC Lounge,$$,Bellevue,Hidden Gem,4.5,7
,American (New),BeachHouse bar + grill,$$,Bellevue,Other,3.5,670
,Pizza,Resonate Brewery + Pizzeria,$$,Bellevue,Hidden Gem,4.5,359
,American (New),Cedar + Elm,n/a,Bellevue,Other,3.5,62
,Poke,FOB Poke Bar,$$,Bellevue,Hidden Gem,5,34
,Wine Tasting Room,Cepae,$$,Bellevue,Hidden Gem,4.5,66
Pioneer Square,Seafood,Taylor Shellfish Oyster Bar,$$,Bellevue,Other,4.5,771
,Juice Bars & Smoothies,LifeCafe,n/a,Bellevue,Other,4,21
,Malaysian,Reunion Malaysian Cafe + Kitchen,$$,Bellevue,Other,4,204
,Ramen,Hokkaido Ramen Santouka - Bellevue,$$,Bellevue,Other,4,830
,Bakeries,L’Experience Paris - Bellevue,n/a,Bellevue,Other,4,78
,Indian,The Roll Pod,$$,Bellevue,Hidden Gem,4.5,229
,Korean,Exit 5 Korean BBQ,$$,Bellevue,Other,4,293
,Chinese,Tofu 101,$,Bellevue,Other,4,255
,Laotian,Blazing Bowl,$$,Bellevue,Hidden Gem,4.5,98
,Steakhouses,Novilhos Brazilian Steak House,$$$,Bellevue,Other,4,1076
Mount Baker,French,iconiq,$$$,Bellevue,Hidden Gem,4.5,110
,Szechuan,Spicy PoPo Szechuan Fish,n/a,Bellevue,Other,4,12
,Modern European,The Herbfarm,$$$$,Bellevue,Other,4,332
Eastlake,Italian,Pomodoro,$$,Bellevue,Hidden Gem,4.5,494
,Cocktail Bars,B-Bar,n/a,Bellevue,Hidden Gem,4.5,9
,Noodles,Dumpling & Noodle,$$,Bellevue,Other,3.5,63
,Korean,Stone Korean Restaurant,$$,Bellevue,Other,4,747
,Wine Bars,Vovina,$$,Bellevue,Other,4,153
,Comfort Food,Terry’s Kitchen,$$,Bellevue,Other,4,260
,Greek,Santorini Greek Grill,$,Bellevue,Other,4.5,511
,Hot Pot,Liuyishou Hotpot,n/a,Bellevue,Other,4,287
,Hot Pot,Huo Yan Hot Pot,$$,Bellevue,Other,4,42
,American (New),The Lakehouse - Temp. CLOSED,$$$,Bellevue,Other,3.5,369
,Burgers,Wibbley’s,$$,Bellevue,Other,4,299
,Szechuan,Dan Gui Sichuan Cuisine,$$,Bellevue,Other,3.5,53
,Indian,Chakra,n/a,Bellevue,Other,4,12
,Chinese,Little Ting’s Dumplings and Clay Pot,$$,Bellevue,Other,3.5,100
Beacon Hill,Filipino,Musang Seattle,$$,Bellevue,Hidden Gem,4.5,158
,Thai,Thai Kitchen Bird Pepper,$$,Bellevue,Other,3.5,99
,Bars,520 Bar & Grill,$$,Bellevue,Other,3.5,474
,Venues & Event Spaces,W XYZ Bar,$$,Bellevue,Other,4,26
,Asian Fusion,The Box & Burgers Eatery,$$,Bellevue,Hidden Gem,4.5,343
Industrial District,Southern,The Fry Guys,n/a,Bellevue,Hidden Gem,4.5,39
,Wine Bars,The Lounge at DeLille Cellars,$$,Bellevue,Hidden Gem,4.5,38
,Bars,Mox Boarding House - Bellevue,$$,Bellevue,Other,4,356
,Tex-Mex,Cactus Restaurants,$$,Bellevue,Other,4,954
Redmond,Food Trucks,Panda Dim Sum,n/a,Bellevue,Hidden Gem,4.5,49
,Ramen,Orenji Sushi & Noodles,$$,Bellevue,Other,4.5,523
,Coffee & Tea,Queen Bee Cafe,$$,Bellevue,Other,4,48
,Mexican,El Rinconsito - Bellevue,$,Bellevue,Other,4,649
,Mongolian,Happy Lamb Hot Pot,$$$,Bellevue,Hidden Gem,4.5,145
,American (Traditional),Shake Shack,$$,Bellevue,Other,3.5,256
,Hong Kong Style Cafe,Lucky Barbecue & Noodle House,$$,Bellevue,Other,3.5,85
,Golf,Lounge by Topgolf,n/a,Bellevue,Other,4,43
Downtown,Breakfast & Brunch,Biscuit Bitch,$,Bellevue,Other,4,4047
,Lebanese,Tanoor,$$,Bellevue,Other,4,435
,Desserts,HardWok Cafe,$$,Bellevue,Other,3.5,308
Capitol Hill,Barbeque,Meet Korean BBQ,$$$,Bellevue,Hidden Gem,4.5,150
,Italian,Angelo’s Restaurant,$$,Bellevue,Other,4,144
,Italian,Maggiano’s Little Italy,$$,Bellevue,Other,3.5,1189
,Ramen,Hong Noodle,$$,Bellevue,Other,4,80
,Italian,Maggiano’s Little Italy,$$,Bellevue,Other,3.5,1189
,Korean,O’BOP,$,Bellevue,Other,4,88
,Breakfast & Brunch,The Waffler,$$,Bellevue,Other,3.5,259
,Southern,Ezell’s Famous Chicken,$$,Bellevue,Other,3.5,259
Denny Triangle,American (New),2120,$$$,Bellevue,Other,4,421
,Thai,Araya’s Place,$$,Bellevue,Other,4,390
,Bakeries,The French Bakery,$,Bellevue,Other,4,485
,American (Traditional),Rivue Bar and Grill,$$,Bellevue,Other,4,11
Capitol Hill,Pakistani,Karachi Cowboys,n/a,Bellevue,Hidden Gem,4.5,18
,Sushi Bars,Aji Sushi & Grill - Newcastle,$$,Bellevue,Hidden Gem,4.5,191
,Sushi Bars,Aji Sushi & Grill - Newcastle,$$,Bellevue,Hidden Gem,4.5,191
,Wine Bars,Mercato Stellina Pizzeria,$$,Bellevue,Other,4,135
,Japanese,Katsu Burger,$$,Bellevue,Other,4,451
,Burgers,Broiler Bay,$,Bellevue,Other,4,340
,Noodles,Baron’s Sino Kitchen & Bar,$$$,Bellevue,Other,3.5,657
,Steakhouses,Ironsteak,$$,Bellevue,Other,4,100
,American (New),Barking Frog,$$$,Bellevue,Other,4,971
Georgetown,Hawaiian,Kauai Family Restaurant,$,Bellevue,Other,4.5,623
,Chinese,Little Foodies,n/a,Bellevue,Other,4,11
,Sushi Bars,Ginza,$$,Bellevue,Other,3.5,745
,Bars,Solarium Kitchen & Bar,n/a,Bellevue,Other,3.5,27
First Hill,Noodles,Biang Biang Noodles,$$,Bellevue,Other,4,228
,Cafes,Luna Cafe At The Bellevue Club,$,Bellevue,Hidden Gem,4.5,4
,Burgers,Tipsy Cow Burger Bar - Redmond,$$,Bellevue,Other,4,1304
Chinatown,Cantonese,A + Hong Kong Kitchen,$$,Bellevue,Other,4,597
,Noodles,Baron’s Sino Kitchen & Bar,$$$,Bellevue,Other,3.5,657
,Ramen,Kizuki Ramen & Izakaya,$$,Bellevue,Other,3.5,347
,Japanese,Katsu Burger,$$,Bellevue,Other,4,451
,Szechuan,Sizzling Pot King,$$,Bellevue,Other,3.5,169
,American (New),Lunchbox Laboratory,$$,Bellevue,Other,3,836
South Lake Union,Sushi Bars,Katsu-ya Seattle,$$,Bellevue,Hidden Gem,4.5,89
,Mediterranean,BiBi,$$,Bellevue,Hidden Gem,4.5,99
,Pubs,The Goose Pub N Eatery,$,Bellevue,Other,4,120
,Chinese,Eat Time,$$,Bellevue,Hidden Gem,4.5,253
Chinatown,Hong Kong Style Cafe,A+ Hong Kong Restaurant,n/a,Bellevue,Hidden Gem,4.5,29
Little Saigon,Chinese,One Pot,n/a,Bellevue,Other,3.5,3
,Barbeque,Brileys BBQ & Grill,$$,Bellevue,Other,4.5,694
,Cafes,Spring Cafe,n/a,Bellevue,Hidden Gem,4.5,4
Fremont,Japanese,Hannyatou,n/a,Bellevue,Hidden Gem,5,32
,Australian,Jesters,$,Bellevue,Hidden Gem,4.5,89
Beacon Hill,Asian Fusion,Buddha Bruddah,$$,Bellevue,Other,4,257
,Barbeque,Brileys BBQ & Grill,$$,Bellevue,Other,4.5,694
,Cafes,Spring Cafe,n/a,Bellevue,Hidden Gem,4.5,4
,Chinese,PAVO,$$,Bellevue,Other,3.5,137
Fremont,Japanese,Hannyatou,n/a,Bellevue,Hidden Gem,5,32
,Australian,Jesters,$,Bellevue,Hidden Gem,4.5,89
Bellevue,Pizza,In Pizza We Crust,n/a,Bellevue,Hidden Gem,5,35
,Indian,Bhojan Xpress,$$,Bellevue,Other,4,159
,Korean,Seoul Bowl - Bellevue - Temp. CLOSED,n/a,Bellevue,Hidden Gem,4.5,13
,Steakhouses,Melrose Grill,$$$,Bellevue,Other,4.5,1219
,Chinese,Nuodle,$$,Bellevue,Other,3,216
,Seafood,Salty’s on Alki Beach,$$$,Bellevue,Other,4,2006
Waterfront,Seafood,Elliott’s Oyster House,$$$,Bellevue,Other,4,3659
,Bagels,Gilbert’s on Main,$$,Bellevue,Other,4,704
,Indian,Chawla Indian Cuisine,n/a,Bellevue,Other,4,56
,American (New),Carillon Kitchen,$$,Bellevue,Other,3.5,54
Fremont,Caribbean,Paseo,$$,Bellevue,Other,4.5,5215
,Italian,Tropea Ristorante Italiano,$$,Bellevue,Other,4,341
Beacon Hill,Mediterranean,Homer,n/a,Bellevue,Hidden Gem,4.5,184
Greenlake,Tapas/Small Plates,Tapas Lab,$$,Bellevue,Hidden Gem,4.5,186
Chinatown,Szechuan,Chengdu Taste 滋味成都,n/a,Bellevue,Other,4,64
,Italian,Cantinetta Bellevue,$$,Bellevue,Other,3.5,308
,Taiwanese,Southern Taiwan,n/a,Bellevue,Other,3.5,5
,Italian,Montalcino Ristorante Italiano,$$$,Bellevue,Hidden Gem,4.5,497
Beacon Hill,Asian Fusion,Buddha Bruddah,$$,Bellevue,Other,4,257
,Mexican,Birrieria Tijuana,n/a,Bellevue,Hidden Gem,4.5,313
,Korean,Kobe Restaurant,$$,Bellevue,Other,3.5,361
Lower Queen Anne,Breakfast & Brunch,Toulouse Petit Kitchen & Lounge,$$,Bellevue,Other,4,4256
Beacon Hill,Mediterranean,Homer,n/a,Bellevue,Hidden Gem,4.5,184
,Vietnamese,Vinason Pho Kitchen,$$,Bellevue,Hidden Gem,4.5,44
Downtown,Hot Pot,Haidilao Hot Pot,$$$,Bellevue,Hidden Gem,4.5,169
Fremont,Taiwanese,19 GOLD,$$,Bellevue,Other,4.5,533
Greenlake,Tapas/Small Plates,Tapas Lab,$$,Bellevue,Hidden Gem,4.5,186
Denny Triangle,Italian,G.H. Pasta Co.,$$,Bellevue,Hidden Gem,4.5,241
Chinatown,Korean,Baegopa,n/a,Bellevue,Other,4,76
,Korean,Shanghai House - MOVED,$$,Bellevue,Other,3,160
,Sushi Bars,Sushi Joa,$$,Bellevue,Other,4,175
Capitol Hill,Ramen,Ramen Danbo,$$,Bellevue,Other,4.5,1358
,Barbeque,Famous Kitchen,$$,Bellevue,Other,4,74
,Sushi Bars,Rolls and Rolls Plus Sushi,$$,Bellevue,Other,4,213
Downtown,Italian,Pasta Casalinga,$$,Bellevue,Hidden Gem,4.5,208
Capitol Hill,Italian,Cascina Spinasse,$$$,Bellevue,Other,4.5,1106
,Beer Bar,The Brick Kitchen + Lounge,$$,Bellevue,Hidden Gem,4.5,98
Rainier Beach,Caribbean,Just Like Home Jamaican Kitchen,n/a,Bellevue,Hidden Gem,5,1
Madison Park,Italian,How to Cook a Wolf,n/a,Bellevue,Other,4,38
Georgetown,Tapas/Small Plates,Ciudad,$$,Bellevue,Hidden Gem,4.5,338
,Korean,Joy Box,$$,Bellevue,Other,4,103
Wallingford,Comfort Food,Drunken Chicken,n/a,Bellevue,Other,4,30
,Szechuan,Frying Fish,$$,Bellevue,Other,3.5,231
,American (New),Aces Cafe - Alano Club Of The Eastside,$$,Bellevue,Other,4,29
,Italian,Due’ Cucina Italiana - Totem Lake,$$,Kirkland,Hidden Gem,4.5,101
,Asian Fusion,The Box & Burgers Eatery,$$,Kirkland,Hidden Gem,4.5,344
,Chicken Shop,Bok a Bok Fried Chicken,n/a,Kirkland,Other,3,17
,Pizza,DERU Market,$$,Kirkland,Other,4.5,1416
,Bars,Bungalow at Juanita Beach,$$,Kirkland,Other,4,141
,Tex-Mex,Cactus Restaurants,$$,Kirkland,Other,4,954
,French,Feast,$$,Kirkland,Other,4,84
,Chinese,Fan Tang Asian Cafe,$$,Kirkland,Hidden Gem,4.5,49
,Italian,Como,$$,Kirkland,Other,3.5,191
,American (New),Stack 571 Burger and Whiskey Bar - Kirkland,$$,Kirkland,Other,3.5,17
,Ramen,Silverlake Ramen,$$,Kirkland,Other,4,112
,Wine Bars,Vovina,$$,Kirkland,Other,4,153
,Bars,Bottle & Bull,$$$,Kirkland,Other,4,368
,American (New),BeachHouse bar + grill,$$,Kirkland,Other,3.5,670
,American (New),Woodin Creek Kitchen & Tap,$$,Kirkland,Other,4,62
,Burgers,Deja Moo,n/a,Kirkland,Other,4,42
,American (New),Barking Frog,$$$,Kirkland,Other,4,971
,Korean,The Third Place,$$,Kirkland,Hidden Gem,4.5,184
,Thai,Isarn Thai Soul Kitchen,$$,Kirkland,Other,4,1026
,French,Lynn’s Bistro,$$$,Kirkland,Hidden Gem,4.5,258
,Mediterranean,Bella Balducci’s Mediterranean Cuisine,$$,Kirkland,Hidden Gem,4.5,224
,Egyptian,Hibiscus Mediterranean & Egyptian Cuisine,$,Kirkland,Hidden Gem,4.5,52
,Breakfast & Brunch,Little Grandma’s Kitchen,$$,Kirkland,Hidden Gem,4.5,42
,French,Lynn’s Bistro,$$$,Kirkland,Hidden Gem,4.5,258
,American (New),Little Brother,$$,Kirkland,Other,4,227
,American (Traditional),The Guest House,$$,Kirkland,Other,4,226
,Italian,Cafe Juanita,$$$$,Kirkland,Other,4.5,501
,Greek,Santorini Greek Grill,$,Kirkland,Other,4.5,511
,Malaysian,Reunion Malaysian Cafe + Kitchen,$$,Kirkland,Other,4,204
,Thai,Soi - Kirkland,n/a,Kirkland,Other,4,21
,Italian,Cafe Veloce,$$,Kirkland,Other,4,393
,Sushi Bars,Izumi,$$,Kirkland,Other,4,747
,American (New),Heritage Restaurant|Bar,$$,Kirkland,Other,4,314
,Vietnamese,Hello Banh Mi,n/a,Kirkland,Hidden Gem,4.5,46
,Mediterranean,BiBi,$$,Kirkland,Hidden Gem,4.5,99
,Bars,Hollywood Tavern,$$,Kirkland,Other,4,662
,Persian/Iranian,Zeitoon Grill House,$$,Kirkland,Other,4,221
,Tex-Mex,Nick’s Grill,$,Kirkland,Hidden Gem,4.5,303
,American (New),Hearth Restaurant,$$,Kirkland,Other,3.5,93
,Italian,Ristorante Paradiso,$$,Kirkland,Other,4,278
,Pizza,Pizzaiolo Woodfired Pizza,$$,Kirkland,Hidden Gem,4.5,294
,Mediterranean,BiBi,$$,Kirkland,Hidden Gem,4.5,99
,Vietnamese,Vinason Pho Kitchen,$$,Kirkland,Hidden Gem,4.5,44
,Breakfast & Brunch,Rusty Pelican Cafe,$$,Kirkland,Hidden Gem,4.5,32
Roosevelt,Italian,Due’ Cucina Italiana - Roosevelt,n/a,Kirkland,Other,4,5
,Barbeque,Smoke & Shine,$$,Kirkland,Other,3.5,167
,Russian,Rush In Dumplings,n/a,Kirkland,Other,4,21
,Asian Fusion,Ta Joia,$$,Kirkland,Hidden Gem,5,123
,Ramen,Katsu Ramen,n/a,Kirkland,Other,4,69
,Mediterranean,Jasmine Kitchen,$$,Kirkland,Hidden Gem,4.5,214
,Beer Bar,The Bine Beer & Food,$$,Kirkland,Hidden Gem,4.5,311
,Cocktail Bars,Woodblock,$$,Kirkland,Other,4,761
,Mexican,Santa Fe Mexican Grill & Cantina - Lake Street,n/a,Kirkland,Hidden Gem,4.5,15
,American (New),The Stone House,$$$,Kirkland,Hidden Gem,4.5,448
,Wine Bars,The Lounge at DeLille Cellars,$$,Kirkland,Hidden Gem,4.5,38
,Tacos,Lifted Taco,n/a,Kirkland,Hidden Gem,4.5,75
,Mediterranean,Mediterranean Kitchen,$$,Kirkland,Other,4,529
,Argentine,Rocky’s Empanadas,$,Kirkland,Hidden Gem,4.5,254
,Bars,The Slip,$$,Kirkland,Other,3.5,36
,Shanghainese,Dough Zone,n/a,Kirkland,Other,,
,Mediterranean,Mediterranean Kitchen,$$,Kirkland,Other,4,529
,American (New),The Bistro at Hollywood Schoolhouse,$$,Kirkland,Other,4,164
Haller Lake,Barbeque,Niku Niku Japanese Barbecue,n/a,Kirkland,Hidden Gem,4.5,43
,Szechuan,Spicy Talk Bistro,$$,Kirkland,Other,4,173
,Golf,Lounge by Topgolf,n/a,Kirkland,Other,4,43
,Thai,Thai Wisdom Bistro,$$,Kirkland,Hidden Gem,4.5,139
,American (New),Purple Cafe and Wine Bar,$$,Kirkland,Other,4,763
,Burgers,Stack 571 Burger & Whiskey Bar,$$,Kirkland,Other,4,342
,Seafood,The Market,$$,Kirkland,Hidden Gem,4.5,398
Greenlake,American (New),Eight Row,$$$,Kirkland,Hidden Gem,4.5,112
,Cocktail Bars,The Cottage,$$,Kirkland,Other,4,303
,Steakhouses,Ironsteak,$$,Kirkland,Other,4,100
,Caribbean,Calypso Edmonds,$$,Kirkland,Hidden Gem,4.5,145
,Szechuan,Nine Way 玖味,$$,Kirkland,Hidden Gem,4.5,136
,Seafood,The Market,$$,Kirkland,Hidden Gem,4.5,398
,American (Traditional),Shake Shack,$$,Kirkland,Other,3.5,256
,Mexican,Antojitos Toxicos,n/a,Kirkland,Hidden Gem,5,9
,American (New),Carillon Kitchen,$$,Kirkland,Other,3.5,54
,Japanese,Oto Sushi,$$,Kirkland,Other,4,500
,Sushi Bars,Kiwami Sushi Bar & Sake House,$$,Kirkland,Other,4,242
Ballard,American (New),Sawyer,n/a,Kirkland,Hidden Gem,4.5,402
,Noodles,So Tasty,$$,Kirkland,Hidden Gem,4.5,117
,Poke,Just Poké,$$,Kirkland,Other,4,289
,Dim Sum,Dough Zone - Redmond,$$,Kirkland,Other,4,507
,Chinese,Alta Healthy Cafe,$$,Kirkland,Other,4,310
Redmond,Food Trucks,Panda Dim Sum,n/a,Kirkland,Hidden Gem,4.5,49
Ballard,Southern,Parish Northwest,n/a,Kirkland,Hidden Gem,4.5,64
,Ramen,Kizuki Ramen & Izakaya,n/a,Kirkland,Hidden Gem,5,1
,Mexican,Aceituno’s Mexican Food,$,Kirkland,Other,4,128
Madison Park,Italian,How to Cook a Wolf,n/a,Kirkland,Other,4,38
,Vegan,Plantiful Superfoods,$$,Kirkland,Other,4,37
,Korean,Stone Korean Restaurant,$$,Kirkland,Other,4,747
,Chinese,151 Days,$$,Kirkland,Hidden Gem,4.5,36
,Japanese,Musashi’s,$$,Kirkland,Other,4,53
Capitol Hill,Pakistani,Karachi Cowboys,n/a,Kirkland,Hidden Gem,4.5,18
Madison Park,Korean,Hanok,$$,Kirkland,Hidden Gem,4.5,115
,Meat Shops,The Butcher Shop Cafe,$$,Kirkland,Other,4,89
Central District,Soul Food,COMMUNION Restaurant and Bar,n/a,Kirkland,Hidden Gem,4.5,77
,Food Trucks,Made In Taiwan,$,Kirkland,Other,4,9
,Sushi Bars,Kirkland Sushi,n/a,Kirkland,Other,4,52
Madison Park,Korean,Hanok,$$,Kirkland,Hidden Gem,4.5,115
,Sushi Bars,Kirkland Sushi,n/a,Kirkland,Other,4,52
Capitol Hill,Barbeque,Ishoni Yakiniku,n/a,Kirkland,Hidden Gem,4.5,59
,Indian,Kathakali,$$,Kirkland,Other,4,421
,Korean,Musashi Cafe Yeti Bento,$$,Kirkland,Hidden Gem,4.5,208
,Sports Bars,The Lime,$$,Kirkland,Other,4,72
,Lebanese,Shawarmaniac,$,Kirkland,Other,4,512
,Comfort Food,The Commons,$$,Kirkland,Other,3.5,892
,Modern European,The Herbfarm,$$$$,Kirkland,Other,4,332
,Buffets,Shaburina,$$$,Kirkland,Other,4,301
,Comfort Food,The Commons,$$,Kirkland,Other,3.5,892
,Modern European,The Herbfarm,$$$$,Kirkland,Other,4,332
,Buffets,Shaburina,$$$,Kirkland,Other,4,301
,Seafood,Anthony’s HomePort - Kirkland,$$$,Kirkland,Other,3.5,404
,Mexican,Taqueria Talpense,n/a,Kirkland,Hidden Gem,4.5,21
,Mexican,Santa Fe Mexican Grill & Cantina- Totem Lake,$$,Kirkland,Other,4,385
,Barbeque,Brileys BBQ & Grill,$$,Kirkland,Other,4.5,694
,Pubs,The Bison on Main,n/a,Kirkland,Hidden Gem,4.5,29
,Afghan,Afghan Choopan Restaurant,$$,Kirkland,Other,4,55
,Steakhouses,Botteco Brazil,n/a,Kirkland,Hidden Gem,4.5,23
,Breakfast & Brunch,Woodinville Cafe,$$,Kirkland,Other,4,485
,Food Trucks,Pono Plates,n/a,Kirkland,Hidden Gem,4.5,10
,Afghan,Afghan Choopan Restaurant,$$,Kirkland,Other,4,55
,Chinese,Facing East,$$,Kirkland,Other,4,1921
,Hawaiian,A Bit of Aloha,n/a,Kirkland,Other,3,16
,Fast Food,Joe’s Burgers,n/a,Kirkland,Other,3.5,77
,Chinese,Great China Restaurant,$$,Kirkland,Other,4,263
,Japanese,Shabu Shabu Kyoto Japanese Restaurant,$$,Kirkland,Other,4,206
,Seafood,Crab Season,n/a,Kirkland,Hidden Gem,4.5,79
,Ramen,Shibu Ramen,$$,Kirkland,Other,3.5,153
Columbia City,Asian Fusion,Super Six,$$,Kirkland,Other,4,723
,Sports Bars,Cock & Bull,$$,Kirkland,Other,3.5,45
,Spanish,Castilla Restaurant and Tapas Bar,$$,Kirkland,Other,4,221
Mapleleaf,Cuban,Mojito,$$,Kirkland,Other,4.5,850
,Sandwiches,The PicNic Table,$$,Kirkland,Hidden Gem,4.5,111
,Dim Sum,Yang’s Dumpling House,$$,Kirkland,Other,3.5,247
,Korean,Mama’s Kitchen,$$,Kirkland,Other,4,302
Beacon Hill,Filipino,Musang Seattle,$$,Kirkland,Hidden Gem,4.5,158
,Ramen,Akane,$$,Kirkland,Other,4,267
Industrial District,Southern,The Fry Guys,n/a,Kirkland,Hidden Gem,4.5,39
,Bakeries,Aria Food & Bakery,$$,Kirkland,Other,4,93
Ravenna,Noodles,Isarn Thai Soul Kitchen,$$,Kirkland,Hidden Gem,4.5,89
,Italian,Tropea Ristorante Italiano,$$,Kirkland,Other,4,341
,Burgers,Tipsy Cow Burger Bar - Redmond,$$,Kirkland,Other,4,1304
,Indian,Dakshin South Indian Bistro,$$,Kirkland,Other,4,349
,Burgers,Chef Shalimar,n/a,Kirkland,Hidden Gem,4.5,4
,Turkish,Alanya Cafe,$,Kirkland,Hidden Gem,4.5,233
,Shanghainese,Xiao Chi Jie,$$,Kirkland,Other,4,291
Downtown,Breakfast & Brunch,Biscuit Bitch,$,Kirkland,Other,4,4047
,Thai,Sip Thai Bistro,$$,Kirkland,Hidden Gem,4.5,479
,Korean,Bowl Gogi,$$,Kirkland,Hidden Gem,4.5,69
,Italian,Pogacha Restaurant & Bar,n/a,Kirkland,Hidden Gem,4.5,28
,Organic Stores,Cafe Organique,$$,Kirkland,Other,4,55
,Italian,Volterra,$$$,Kirkland,Other,3.5,304
,Barbeque,Gyu-Kaku Japanese BBQ,$$$,Kirkland,Other,4,613
,American (Traditional),Woodinville Cut Shop,$$,Kirkland,Other,3.5,222
Fremont,Caribbean,Paseo,$$,Kirkland,Other,4.5,5215
,Mongolian,Mongolian Grill,$$,Kirkland,Other,4,148
Magnolia,Peruvian,Pink Salt Restaurant,n/a,Kirkland,Hidden Gem,4.5,77
,Food Trucks,Taqueria Los Chilangos - Kirkland,n/a,Kirkland,Hidden Gem,4.5,19
,American (Traditional),Woodinville Cut Shop,$$,Kirkland,Other,3.5,222
,Mongolian,Mongolian Grill,$$,Kirkland,Other,4,148
,Noodles,Tian Tian Noodles,$,Kirkland,Other,4,105
Pioneer Square,Cocktail Bars,Damn the Weather,$$,Kirkland,Other,4,468
,Bubble Tea,Ten Seconds Yunnan Rice Noodle,$$,Kirkland,Hidden Gem,4.5,82
,Asian Fusion,MOEIDA ASIAN BISTRO,$$,Kirkland,Other,4,212
,Chinese,Tian Fu,n/a,Kirkland,Other,4,4
,Korean,Marination Ma Kai,$$,Kirkland,Other,4,1102
,Mexican,Tres Hermanos Family Mexican Restaurant,$$,Kirkland,Other,4,204
Junction,Moroccan,Itto’s Tapas,$$$,Kirkland,Hidden Gem,4.5,331
,Salad,Homegrown,$$,Kirkland,Other,4,256
Junction,Moroccan,Itto’s Tapas,$$$,Kirkland,Hidden Gem,4.5,331
,Burgers,Tipsy Cow Burger Bar - Woodinville,$$,Kirkland,Other,4,562
Kirkland,Food Trucks,Llama Fusion,n/a,Kirkland,Other,4,17
,Vietnamese,Pho Ready,n/a,Kirkland,Other,4,37
Ravenna,Italian,Mioposto,$$,Kirkland,Other,4,260
Greenwood,Laotian,Flavor Lao Bowl,n/a,Kirkland,Hidden Gem,5,44
,Mexican,Tres Hermanos Family Mexican Restaurant,$$,Kirkland,Other,4,204
,Pizza,Tutta Bella Neapolitan Pizzeria - Kirkland,n/a,Kirkland,Other,4,13
,American (New),Black Bottle,$$,Kirkland,Other,4,679
,Italian,Fire & the Feast,n/a,Kirkland,Other,4,60
Hillman City,Filipino,Archipelago,$$$$,Kirkland,Hidden Gem,5,36
Madison Valley,Japanese,Azuki Handmade Japanese Udon Noodles,$$,Kirkland,Hidden Gem,4.5,101
,Seafood,Salty’s on Alki Beach,$$$,Kirkland,Other,4,2006
,Breweries,Stoup Brewing Kenmore,$$,Kirkland,Other,3.5,47
,Beer Bar,Route 522 Taproom,$$,Kirkland,Hidden Gem,4.5,154
Belltown,Tapas/Small Plates,List,$$,Kirkland,Other,4.5,1948
,Pizza,Acropolis Pizza & Pasta,$$,Kirkland,Other,4,256
South Lake Union,Sushi Bars,Katsu-ya Seattle,$$,Kirkland,Hidden Gem,4.5,89
,Japanese,Toshi’s Teriyaki,$,Kirkland,Other,4,84
,Italian,Sages Restaurant,$$,Kirkland,Hidden Gem,4.5,267
,Taiwanese,Cafe Happy,$,Kirkland,Other,4,195
Capitol Hill,Pizza,Blotto,n/a,Kirkland,Hidden Gem,5,11
South Lake Union,Sushi Bars,Katsu-ya Seattle,$$,Kirkland,Hidden Gem,4.5,89
,Korean,Korea House,$$,Kirkland,Other,4.5,662
,Japanese,Toshi’s Teriyaki,$,Kirkland,Other,4,84
,Pizza,Mioposto,$$,Kirkland,Other,4,174
,Breweries,Stoup Brewing Kenmore,$$,Kirkland,Other,3.5,47
,American (New),Nick’s On Madison,n/a,Kirkland,Hidden Gem,4.5,46
Phinney Ridge,Modern European,Autumn Seattle,n/a,Kirkland,Hidden Gem,4.5,14
,Noodles,Fang’s Noodle House,n/a,Kirkland,Hidden Gem,5,1
Central District,Laotian,Taurus Ox,$$,Kirkland,Hidden Gem,4.5,164
Wedgwood,Beer Bar,The Shambles,$$,Kirkland,Hidden Gem,4.5,208
University District,Korean,Bugis,$$,Kirkland,Hidden Gem,4.5,106
Capitol Hill,Southern,Witness,$$,Kirkland,Other,4.5,847
,Indian,Sitar Indian Cuisine,$$,Kirkland,Other,4,169
,Thai,Thai Grill,n/a,Kirkland,Other,4,9
,Pizza,Spark Pizza,$$,Kirkland,Hidden Gem,4.5,242
,Tex-Mex,Cactus Restaurants,$$,Kirkland,Other,4,827
,Bakeries,The French Bakery,$$,Kirkland,Other,4,265
,Japanese,Tokyo Stop,$$,Kirkland,Other,4,63
,Seafood,Ivar’s Seafood Bar,n/a,Kirkland,Other,3.5,50
Columbia City,Caribbean,Island Soul Rum Bar & Soul Shack,$$,Kirkland,Other,4,894
,Japanese,Donburi Station - Bellevue,$$,Kirkland,Hidden Gem,4.5,45
Capitol Hill,Tapas/Small Plates,Nue,$$,Kirkland,Other,4,1067
,Italian,Carmine’s,$$$,Kirkland,Other,4,365
,Indian,Cafe Bahar,$$,Kirkland,Other,4,150
,Food Trucks,Tabassum,$,Kirkland,Hidden Gem,4.5,29
,Mediterranean,Jawhara Café,$$,Kirkland,Hidden Gem,4.5,25
,Sushi Bars,aa Sushi,$$,Kirkland,Other,4,365
,Pizza,The Pizza Coop & Ale House,$$,Kirkland,Other,4,342
Lower Queen Anne,Breakfast & Brunch,Toulouse Petit Kitchen & Lounge,$$,Kirkland,Other,4,4256
Wallingford,American (New),mkt.,$$$,Kirkland,Hidden Gem,4.5,324
,American (New),Beach Cafe,$$,Kirkland,Other,3,491
,Vietnamese,Kirkland Pho House,$,Kirkland,Other,3.5,311
,Szechuan,Spicy PoPo Szechuan Fish,n/a,Kirkland,Other,4,12
,Mediterranean,Jawhara Café,$$,Kirkland,Hidden Gem,4.5,25
,American (New),Archer’s Kitchen + Bar,n/a,Kirkland,Hidden Gem,4.5,10
,Pizza,Spark Pizza,$$,Kirkland,Hidden Gem,4.5,242
Fremont,American (New),Eve Fremont,$$,Kirkland,Other,4,277
Fremont,Cajun/Creole,S/T Hooligans,$$,Kirkland,Hidden Gem,5,244
Capitol Hill,Tapas/Small Plates,Nue,$$,Kirkland,Other,4,1067
,Pizza,Vivi Pizzeria,$$,Kirkland,Other,4,390
,Greek,George’s,$$,Kirkland,Other,3.5,338
First Hill,Noodles,Biang Biang Noodles,$$,Kirkland,Other,4,228
,Italian,Amaro Bistro,$$,Kirkland,Other,4,399
Downtown,Breakfast & Brunch,Skalka,$$,Kirkland,Hidden Gem,4.5,275
,Mexican,Plaza Garcia,$$,Kirkland,Other,4,224
Chinatown International District,Noodles,Phnom Penh Noodle House,n/a,Kirkland,Hidden Gem,4.5,75
,American (New),In Gredients,$$,Kirkland,Hidden Gem,4.5,82
,Cocktail Bars,Woodblock,$$,Redmond,Other,4,761
,Korean,The Third Place,$$,Redmond,Hidden Gem,4.5,184
,Izakaya,Jiang’s Kitchen,n/a,Redmond,Hidden Gem,5,7
,American (New),The Stone House,$$$,Redmond,Hidden Gem,4.5,448
,American (New),Archer’s Kitchen + Bar,n/a,Redmond,Hidden Gem,4.5,10
,Burgers,Tipsy Cow Burger Bar - Redmond,$$,Redmond,Other,4,1304
,Pizza,Spark Pizza,$$,Redmond,Hidden Gem,4.5,242
,Chinese,151 Days,$$,Redmond,Hidden Gem,4.5,36
,Thai,Sip Thai Bistro,$$,Redmond,Hidden Gem,4.5,479
,Noodles,Tian Tian Noodles,$,Redmond,Other,4,105
,Italian,Sages Restaurant,$$,Redmond,Hidden Gem,4.5,267
,Argentine,Rocky’s Empanadas,$,Redmond,Hidden Gem,4.5,254
,Japanese,Musashi’s,$$,Redmond,Other,4,53
,Dim Sum,Dough Zone - Redmond,$$,Redmond,Other,4,507
,Italian,Tropea Ristorante Italiano,$$,Redmond,Other,4,341
,Korean,Stone Korean Restaurant,$$,Redmond,Other,4,747
Redmond,Food Trucks,Panda Dim Sum,n/a,Redmond,Hidden Gem,4.5,49
,Italian,Zio Sal,n/a,Redmond,Other,4,55
,Mexican,Bandido’s Mexican Grill,n/a,Redmond,Hidden Gem,4.5,57
,Bars,The Matador,$$,Redmond,Other,3.5,884
,Mediterranean,Jawhara Café,$$,Redmond,Hidden Gem,4.5,25
,Bakeries,Farine Bakery & Cafe,$$,Redmond,Other,4,165
,Mexican,El Toreador,$$,Redmond,Other,4,393
,Bars,Redmond’s Bar & Grill,$$,Redmond,Other,4,466
,Indian,Simply Desi - Indian Organic food,n/a,Redmond,Other,4,7
,Sports Bars,Eastside Beerworks,n/a,Redmond,Other,4,91
,Indian,Biryani Bowl,n/a,Redmond,Hidden Gem,4.5,15
Redmond,Food Trucks,Levantine Cuisine,$$,Redmond,Hidden Gem,4.5,41
,Steakhouses,Ironsteak,$$,Redmond,Other,4,100
,Breakfast & Brunch,Pomegranate Bistro,$$,Redmond,Other,3.5,837
,French,Feast,$$,Redmond,Other,4,84
,Desserts,Meetea Cafe,$,Redmond,Other,4,109
,Chinese,Dong Ting Chun Redmond,$$,Redmond,Other,3.5,94
,Seafood,Matts Rotisserie & Oyster Lounge,$$,Redmond,Other,3.5,493
,American (New),In Gredients,$$,Redmond,Hidden Gem,4.5,82
,Noodles,So Tasty,$$,Redmond,Hidden Gem,4.5,117
,Szechuan,Nine Way 玖味,$$,Redmond,Hidden Gem,4.5,136
,Poke,Just Poké,$$,Redmond,Other,4,95
,Japanese,Oto Sushi,$$,Redmond,Other,4,447
,Seafood,Crab Season,n/a,Redmond,Hidden Gem,4.5,79
,Buffets,Shaburina,$$$,Redmond,Other,4,301
,Cideries,Locust Cider - Redmond,n/a,Redmond,Other,4,11
Roosevelt,Italian,Due’ Cucina Italiana - Roosevelt,n/a,Redmond,Other,4,5
,Chicken Shop,Bok a Bok Fried Chicken,n/a,Redmond,Other,3,17
,Bars,Prime Steakhouse,$$$,Redmond,Other,4,391
,Salad,Homegrown,$$,Redmond,Other,4,258
,Indian,The Guilt Trip,$$,Redmond,Other,3.5,591
,Szechuan,Spicy City,$$,Redmond,Other,3.5,133
,Teppanyaki,Fuji Steakhouse,$$$,Redmond,Other,3.5,68
,Breakfast & Brunch,Rusty Pelican Cafe,$$,Redmond,Hidden Gem,4.5,32
,Breakfast & Brunch,Rusty Pelican Cafe,$$,Redmond,Hidden Gem,4.5,32
,Indian,The Guilt Trip,$$,Redmond,Other,3.5,591
,Creperies,Creperie de Paris,$,Redmond,Other,4,128
,American (Traditional),Village Square Cafe,$$,Redmond,Other,4,451
,Mexican,Ooba Tooba Mex Grill,$$,Redmond,Other,4,383
,Modern European,The Herbfarm,$$$$,Redmond,Other,4,332
,Asian Fusion,The Box & Burgers Eatery,$$,Redmond,Hidden Gem,4.5,344
,Malaysian,Reunion Malaysian Cafe + Kitchen,$$,Redmond,Other,4,204
,Shanghainese,Xiao Chi Jie,$$,Redmond,Other,4,291
,Comfort Food,The Urban Homestead,n/a,Redmond,Other,3.5,10
,Malaysian,Reunion Malaysian Cafe + Kitchen,$$,Redmond,Other,4,204
,Indian,Kanishka Cuisine of India,$$,Redmond,Other,3.5,927
Capitol Hill,Barbeque,Ishoni Yakiniku,n/a,Redmond,Hidden Gem,4.5,59
,Tex-Mex,Cactus Restaurants,$$,Redmond,Other,4,954
,American (New),The Bistro at Hollywood Schoolhouse,$$,Redmond,Other,4,164
,Lebanese,Tanoor,$$,Redmond,Other,4,435
,Sushi Bars,Haiku Sushi & Seafood Buffet,$$,Redmond,Other,3,529
,Pizza,Blu Sardinia,$$,Redmond,Other,4,290
,Bars,Bungalow at Juanita Beach,$$,Redmond,Other,4,141
Madison Park,Italian,How to Cook a Wolf,n/a,Redmond,Other,4,38
,American (New),BeachHouse bar + grill,$$,Redmond,Other,3.5,670
,American (New),Heritage Restaurant|Bar,$$,Redmond,Other,4,314
,Barbeque,Gyu-Kaku Japanese BBQ,$$$,Redmond,Other,4,613
,Tacos,Lifted Taco,n/a,Redmond,Hidden Gem,4.5,75
,Mexican,Antojitos Toxicos,n/a,Redmond,Hidden Gem,5,9
,Bars,Bungalow at Juanita Beach,$$,Redmond,Other,4,141
,Italian,Due’ Cucina Italiana - Totem Lake,$$,Redmond,Hidden Gem,4.5,101
,Japanese,Donburi Station - Bellevue,$$,Redmond,Hidden Gem,4.5,45
,Mexican,Luigi’s Cocina,n/a,Redmond,Other,4,13
,Hawaiian,Hello Poke,$$,Redmond,Other,4,129
,Seafood,Krawbar,n/a,Redmond,Hidden Gem,4.5,197
,Korean,Mama’s Kitchen,$$,Redmond,Other,4,302
,Hawaiian,Hello Poke,$$,Redmond,Other,4,129
,Food Trucks,Pono Plates,n/a,Redmond,Hidden Gem,4.5,10
,Vietnamese,Hello Banh Mi,n/a,Redmond,Hidden Gem,4.5,46
,Bars,Hollywood Tavern,$$,Redmond,Other,4,662
,Mediterranean,BiBi,$$,Redmond,Hidden Gem,4.5,99
,Pizza,DERU Market,$$,Redmond,Other,4.5,1416
,Wine Bars,The Lounge at DeLille Cellars,$$,Redmond,Hidden Gem,4.5,38
,American (New),Purple Cafe and Wine Bar,$$,Redmond,Other,4,763
,Thai,Bangkok Basil,$$,Redmond,Other,4,367
,Bubble Tea,Ten Seconds Yunnan Rice Noodle,$$,Redmond,Hidden Gem,4.5,82
,British,Neville’s Restaurant,$$,Redmond,Other,4,29
,Asian Fusion,Ta Joia,$$,Redmond,Hidden Gem,5,123
,Sushi Bars,Sushi J,$$,Redmond,Hidden Gem,4.5,236
Beacon Hill,Filipino,Musang Seattle,$$,Redmond,Hidden Gem,4.5,158
,American (Traditional),The Guest House,$$,Redmond,Other,4,226
,Egyptian,Hibiscus Mediterranean & Egyptian Cuisine,$,Redmond,Hidden Gem,4.5,52
,Barbeque,Luna Bistro 君月庭,$$,Redmond,Other,4,110
,Mediterranean,BiBi,$$,Redmond,Hidden Gem,4.5,99
,Vietnamese,Vinason Pho Kitchen,$$,Redmond,Hidden Gem,4.5,44
,American (New),BJ’s Restaurant & Brewhouse,$$,Redmond,Other,2.5,578
,American (Traditional),Shake Shack,$$,Redmond,Other,3.5,256
,Comfort Food,The Commons,$$,Redmond,Other,3.5,892
,Burgers,Sam’s Tavern,$$,Redmond,Other,3,235
,Golf,Lounge by Topgolf,n/a,Redmond,Other,4,43
,Thai,Bai Tong Thai Restaurant,$$,Redmond,Other,4,1380
,American (New),Black Bottle,$$,Redmond,Other,4,679
Madison Park,Korean,Hanok,$$,Redmond,Hidden Gem,4.5,115
,Italian,Como,$$,Redmond,Other,3.5,191
,Italian,Como,$$,Redmond,Other,3.5,191
,Burgers,Sam’s Tavern,$$,Redmond,Other,3,235
,Greek,Santorini Greek Grill,$,Redmond,Other,4.5,511
Atlantic,Bars,Reckless Noodle House,$$,Redmond,Hidden Gem,4.5,263
,Ramen,Silverlake Ramen,$$,Redmond,Other,4,112
,American (New),Stack 571 Burger and Whiskey Bar - Kirkland,$$,Redmond,Other,3.5,17
,Chinese,Tian Fu,n/a,Redmond,Other,4,4
,Bakeries,Blazing Bagels,$,Redmond,Other,4.5,529
,Vietnamese,Yummy Pho,$,Redmond,Other,3.5,467
Capitol Hill,Pakistani,Karachi Cowboys,n/a,Redmond,Hidden Gem,4.5,18
,Persian/Iranian,Zeitoon Grill House,$$,Redmond,Other,4,221
,Chinese,Facing East,$$,Redmond,Other,4,1921
,Steakhouses,Botteco Brazil,n/a,Redmond,Hidden Gem,4.5,23
,Korean,Musashi Cafe Yeti Bento,$$,Redmond,Hidden Gem,4.5,208
,Wine Bars,Vovina,$$,Redmond,Other,4,153
,Sushi Bars,Izumi,$$,Redmond,Other,4,747
,American (New),Carillon Kitchen,$$,Redmond,Other,3.5,54
,Japanese,Yummy Teriyaki,$,Redmond,Other,4,320
,Greek,Gyros 2 Go,$,Redmond,Other,4,388
,Barbeque,Brileys BBQ & Grill,$$,Redmond,Other,4.5,694
,Vietnamese,Vinason Pho & Grill,$$,Redmond,Other,4,174
,Mexican,Agave Cocina & Cantina,$$,Redmond,Other,3.5,342
,Taiwanese,Boiling Point,$$,Redmond,Other,3.5,188
,Caterers,Pasta ya Gotcha!,n/a,Redmond,Hidden Gem,5,3
,Mediterranean,Jasmine Kitchen,$$,Redmond,Hidden Gem,4.5,214
,Pizza,Zaucer Pizza,$$,Redmond,Other,4,308
,Japanese,Asiana Bistro Teriyaki,$,Redmond,Other,4,149
,Pubs,J Michael’s Pub & Eatery,$$,Redmond,Other,4,94
,Thai,Thai Ginger - Redmond,$$,Redmond,Other,3,317
,Food Delivery Services,MrBeast Burger,n/a,Redmond,Other,3,1
Georgetown,Tapas/Small Plates,Ciudad,$$,Redmond,Hidden Gem,4.5,338
,Burgers,Herfy’s Burgers,$,Redmond,Other,4,190
,Food Trucks,Chewaya Authentic Moroccan BBQ,$$,Redmond,Other,4,31
,American (Traditional),Swift And Savory,n/a,Redmond,Hidden Gem,4.5,37
,Venues & Event Spaces,W XYZ Bar,$$,Redmond,Other,4,26
Hillman City,Filipino,Archipelago,$$$$,Redmond,Hidden Gem,5,36
,Burgers,Pickle Time,$$,Redmond,Hidden Gem,4.5,144
,American (Traditional),The Grange,n/a,Redmond,Other,4,75
,Bakeries,Hoffman’s Fine Cakes & Pastries,$,Redmond,Other,4,224
,Japanese,Shabu Shabu Kyoto Japanese Restaurant,$$,Redmond,Other,4,206
,Cafes,L’Experience Paris - Issaquah,n/a,Redmond,Other,4,17
,Bars,Bottle & Bull,$$$,Redmond,Other,4,369
Hillman City,Filipino,Archipelago,$$$$,Redmond,Hidden Gem,5,36
,Mediterranean,Bella Balducci’s Mediterranean Cuisine,$$,Redmond,Hidden Gem,4.5,224
,Portuguese,Max’s World Cafe,$$,Redmond,Hidden Gem,4.5,357
Capitol Hill,Southern,Witness,$$,Redmond,Other,4.5,847
,Thai,Sukho Thai,$$,Redmond,Hidden Gem,4.5,456
Mount Baker,French,iconiq,$$$,Redmond,Hidden Gem,4.5,110
Greenlake,Tapas/Small Plates,Tapas Lab,$$,Redmond,Hidden Gem,4.5,186
,Fast Food,Lunchbox Lab,$$,Redmond,Other,2.5,126
,Mexican,Loco-chon Bar & Grill,n/a,Redmond,Hidden Gem,4.5,77
,Burgers,Deja Moo,n/a,Redmond,Other,4,42
Columbia City,Asian Fusion,Super Six,$$,Redmond,Other,4,723
,Venues & Event Spaces,W XYZ Bar,$$,Redmond,Other,4,26
,Ramen,Kizuki Ramen & Izakaya,$$,Redmond,Other,4,1311
,Barbeque,Smoke & Shine,$$,Redmond,Other,3.5,167
,Pancakes,The Original Pancake House,$$,Redmond,Other,3,181
,Mediterranean,Mediterranean Grill,$$,Redmond,Other,4,242
,Vietnamese,Papaya Viet Restaurant,$$,Redmond,Other,4,79
,Sandwiches,The PicNic Table,$$,Redmond,Hidden Gem,4.5,111
,Russian,Rush In Dumplings,n/a,Redmond,Other,4,21
,Pancakes,The Original Pancake House,$$,Redmond,Other,3,181
,Sushi Bars,Kura Revolving Sushi Bar,$$,Redmond,Other,3.5,154
Capitol Hill,Tapas/Small Plates,Nue,$$,Redmond,Other,4,1067
,Burgers,Deja Moo,n/a,Redmond,Other,4,42
,Mexican,QT Food Truck,$$,Redmond,Hidden Gem,4.5,48
,American (Traditional),Family Pancake House - Redmond,$$,Redmond,Other,3.5,294
,American (New),Tanzy,n/a,Redmond,Other,4,1
Sand Point,Brewpubs,Magnuson Cafe & Brewery,$$,Redmond,Other,3.5,195
,Noodles,Fang’s Noodle House,n/a,Redmond,Hidden Gem,5,1
,Japanese,Sunny Teriyaki,$,Redmond,Other,4,178
,Beer Bar,Route 522 Taproom,$$,Redmond,Hidden Gem,4.5,154
,Barbeque,Famous Kitchen,$$,Redmond,Other,4,74
Sand Point,Brewpubs,Magnuson Cafe & Brewery,$$,Redmond,Other,3.5,195
,Tex-Mex,Cactus Restaurants,$$,Redmond,Other,4,827
,Greek,Mediterranean Kitchen,$$,Redmond,Other,4,1067
Capitol Hill,Tapas/Small Plates,Nue,$$,Redmond,Other,4,1067
,Indian,Southern Spice,$$,Redmond,Other,3,202
,Bakeries,The French Bakery,$,Redmond,Other,3.5,100
,American (New),Little Brother,$$,Redmond,Other,4,227
,Pizza,Momo & Pizza Ghar,n/a,Redmond,Other,4,76
,Coffee & Tea,Kitanda Espresso & Açaí,$,Redmond,Other,4,138
,Italian,Pogacha Restaurant & Bar,n/a,Redmond,Hidden Gem,4.5,28
,Japanese,Tokyo Teriyaki,$$,Redmond,Hidden Gem,4.5,56
,Indian,The Roll Pod,$$,Redmond,Hidden Gem,4.5,229
,Mexican,Tres Hermanos Family Mexican Restaurant,$$,Redmond,Other,4,204
,Szechuan,Spicy PoPo Szechuan Fish,n/a,Redmond,Other,4,12
,Korean,Joy Box,$$,Redmond,Other,4,103
,Italian,Brooklyn Calzones,n/a,Redmond,Hidden Gem,5,2
,Greek,Zazynia Mediterranean Grill,$,Redmond,Other,4,79
,Korean,Joy Box,$$,Redmond,Other,4,103
,Italian,Brooklyn Calzones,n/a,Redmond,Hidden Gem,5,2
Leschi,Coffee & Tea,Meet the Moon,$$,Redmond,Other,4,553
,Ramen,Katsu Ramen,n/a,Redmond,Other,4,69
,Szechuan,Spicy PoPo Szechuan Fish,n/a,Redmond,Other,4,12
Laurelhurst,American (New),Sand Point Grill,$$,Redmond,Other,4,132
Columbia City,Caribbean,Island Soul Rum Bar & Soul Shack,$$,Redmond,Other,4,894
Georgetown,Food Trucks,People Of The Chubbs,$,Redmond,Other,4,54
,Vegan,Plantiful Superfoods,$$,Redmond,Other,4,37
,Cafes,Arabisk Cafe,n/a,Redmond,Hidden Gem,5,1
,Thai,Thai Wisdom Bistro,$$,Redmond,Hidden Gem,4.5,139
Madison Valley,Desserts,Simply Soulful,$$,Redmond,Hidden Gem,4.5,323
,Sandwiches,Potbelly Sandwich Shop,$,Redmond,Other,4,118
,Turkish,Istanbul Cuisine Cafe,$$,Redmond,Hidden Gem,4.5,347
University District,Korean,Bugis,$$,Redmond,Hidden Gem,4.5,106
,Indian,Namasthe Indian Restaurant,$$,Redmond,Other,3.5,75
,Italian,Cafe Juanita,$$$$,Redmond,Other,4.5,501
,Japanese,Musashi’s,$$,Redmond,Other,4,753
,American (New),Cedar + Elm,n/a,Redmond,Other,3.5,62
,Burgers,Stack 571 Burger & Whiskey Bar,$$,Redmond,Other,4,342
,Thai,Thai Wisdom Bistro,$$,Redmond,Hidden Gem,4.5,139
University District,Korean,Bugis,$$,Redmond,Hidden Gem,4.5,106
,American (Traditional),Duvall Grill,$$,Redmond,Other,4,187
Columbia City,Caribbean,Island Soul Rum Bar & Soul Shack,$$,Redmond,Other,4,894
,French,Lynn’s Bistro,$$$,Redmond,Hidden Gem,4.5,258
,American (New),Flavour Bistro,$$$,Redmond,Hidden Gem,4.5,130
First Hill,Asian Fusion,Di Fiora,n/a,Redmond,Hidden Gem,4.5,272
,Dive Bars,Palmers East,$,Redmond,Other,3.5,160
,Chicken Wings,Seoul Fried Chicken,n/a,Redmond,Other,1,3
University District,Chinese,Little Duck,$$,Redmond,Other,4,91
,Korean,O’BOP,$,Redmond,Other,4,88
,Taiwanese,Looking For Chai,$$,Redmond,Other,4,218
,Breakfast & Brunch,Little Grandma’s Kitchen,$$,Redmond,Hidden Gem,4.5,42
,Italian,Carmine’s,$$$,Redmond,Other,4,365
,Beer Bar,The Bine Beer & Food,$$,Redmond,Hidden Gem,4.5,311
,Burgers,Tipsy Cow Burger Bar - Woodinville,$$,Redmond,Other,4,562
Greenlake,American (New),Eight Row,$$$,Redmond,Hidden Gem,4.5,112
,Italian,Italianissimo Ristorante,$$,Redmond,Other,4,346
,Afghan,Afghan Choopan Restaurant,$$,Redmond,Other,4,55
,American (Traditional),Maltby Cafe,$$,Redmond,Other,4,904
,American (New),Blackbird,n/a,Shoreline,Hidden Gem,4.5,20
,Bars,Drumlin,n/a,Shoreline,Hidden Gem,5,7
,Seafood,The Market,$$,Shoreline,Hidden Gem,4.5,398
,Chinese,Royal Dumplings House,n/a,Shoreline,Hidden Gem,4.5,22
,Italian,Fire & the Feast,n/a,Shoreline,Other,4,60
,Steakhouses,Botteco Brazil,n/a,Shoreline,Hidden Gem,4.5,23
Haller Lake,Barbeque,Niku Niku Japanese Barbecue,n/a,Shoreline,Hidden Gem,4.5,43
,Italian,Bucatini,$$,Shoreline,Hidden Gem,4.5,469
,Barbeque,Wake N Bacon BBQ,$$,Shoreline,Hidden Gem,4.5,98
,Noodles,Bullettrain Udon,$,Shoreline,Hidden Gem,4.5,17
Haller Lake,Thai,Pop Pop Thai Street Food,$,Shoreline,Other,4.5,636
,Cuban,El Cubano,$$,Shoreline,Hidden Gem,5,22
,Barbeque,Haenam Kalbi & Calamari,$$,Shoreline,Other,4,297
,Barbeque,Brileys BBQ & Grill,$$,Shoreline,Other,4.5,694
,American (New),North City Bistro,$$,Shoreline,Other,4,111
,Filipino,Barkada Edmonds,$$,Shoreline,Other,4,152
,Pizza,Local 104,$$,Shoreline,Other,4,76
,Caribbean,Calypso Edmonds,$$,Shoreline,Hidden Gem,4.5,145
Olympic Hills,American (Traditional),Elliott Bay Public House & Brewery,$$,Shoreline,Other,4,570
,Chinese,Dumpling Generation - Edmonds,$$,Shoreline,Other,4,372
,Mexican,Taqueria El Sabor,$,Shoreline,Other,4.5,564
,Seafood,Salt and Iron,$$$,Shoreline,Other,4,839
,Burgers,Good Burger,$$,Shoreline,Hidden Gem,4.5,23
,Mediterranean,Sultan Gyro and Shawarma Grill,$,Shoreline,Hidden Gem,4.5,145
Bitter Lake,Italian,Saltoro,$$,Shoreline,Other,4,278
,Pizza,Streetzeria,$$,Shoreline,Hidden Gem,4.5,113
Haller Lake,Barbeque,Friendship Foods BBQ,n/a,Shoreline,Other,4,23
Northgate,Chinese,Tian Fu,$$,Shoreline,Hidden Gem,4.5,111
,Japanese,Ichi Bento,$,Shoreline,Other,4,190
,Mediterranean,Gyro Boss,n/a,Shoreline,Hidden Gem,5,53
,Bars,Aurora Borealis,$$,Shoreline,Other,4,94
,Japanese,Ichi Bento,$,Shoreline,Other,4,190
,Poke,Beyond The Bowl,$$,Shoreline,Hidden Gem,4.5,222
,Seafood,Five Restaurant Bistro,$$,Shoreline,Other,4,404
,Taiwanese,Tasty Pot,$$,Shoreline,Other,4,190
,American (New),Vault 177,n/a,Shoreline,Hidden Gem,5,4
Mapleleaf,Hawaiian,Kona Kitchen - Seattle,$$,Shoreline,Other,4,1033
,Vietnamese,Banh Mi Bites,$,Shoreline,Hidden Gem,4.5,82
Mapleleaf,Breakfast & Brunch,The Maple,$$,Shoreline,Other,4,249
,Japanese,Kobe Bento Teriyaki,$,Shoreline,Other,4,42
Northgate,Burgers,Umami Burger,n/a,Shoreline,Other,4,1
,Mexican,Santa Fe Mexican Grill & Cantina,$$,Shoreline,Other,4,83
,Poke,Star Poke,$$,Shoreline,Other,4,151
Broadview,Chinese,Little Ting’s Dumplings,$$,Shoreline,Other,4,341
,Vietnamese,Yeh Yeh’s,$,Shoreline,Other,4.5,776
,Korean,Vons Chicken,n/a,Shoreline,Hidden Gem,4.5,53
,Barbeque,Gabriel’s Fire,$$,Shoreline,Other,4,416
,Dim Sum,Fashion Dim Sum,$$,Shoreline,Other,4,362
,Mexican,Casa Oaxaca,$$,Shoreline,Hidden Gem,4.5,131
,Mexican,Las Espuelas,$$,Shoreline,Other,4.5,513
,Mexican,Santa Fe Mexican Grill & Cantina,$$,Shoreline,Other,4,83
,Indian,Caravan Kebab,$$,Shoreline,Hidden Gem,4.5,288
,Mexican,Taqueria El Gallo Diaz,n/a,Shoreline,Hidden Gem,4.5,27
,Taiwanese,Yuan Bao,n/a,Shoreline,Hidden Gem,4.5,30
,Mediterranean,Epulo Bistro,$$,Shoreline,Other,4,410
,American (New),Cedar + Elm,n/a,Shoreline,Other,3.5,62
,Pizza,Spiro’s Pizza & Pasta - Shoreline,$$,Shoreline,Other,4,249
,Chinese,Mount&Bao,$$,Shoreline,Other,4,182
Olympic Hills,Sushi Bars,Toyoda Sushi,$$,Shoreline,Other,4,361
,Breakfast & Brunch,Leena’s Cafe,$$,Shoreline,Other,3.5,310
Olympic Hills,Sushi Bars,Toyoda Sushi,$$,Shoreline,Other,4,361
Haller Lake,Dim Sum,HK Dim Sum,$$,Shoreline,Other,3,432
Bitter Lake,Japanese,Kiriba Sushi,$$,Shoreline,Other,4,221
,Korean,Hosoonyi Korean Restaurant,$$,Shoreline,Other,4,522
,Mediterranean,The Greek Kitchen,$,Shoreline,Other,4,104
Greenwood,Sandwiches,Valhalla Sandwiches,$$,Shoreline,Hidden Gem,4.5,294
,Bakeries,Zylberschtein’s Delicatessen & Bakery,$$,Shoreline,Other,4,181
,Diners,Flo-Anna’s Diner,$$,Shoreline,Other,4,189
Bitter Lake,Hot Pot,No.9 Alley Hot Pot,$$,Shoreline,Other,4,120
,Szechuan,Szechuan Cuisine,$$,Shoreline,Hidden Gem,4.5,75
,Diners,Flo-Anna’s Diner,$$,Shoreline,Other,4,189
,Caribbean,Maize & Barley,$$,Shoreline,Hidden Gem,4.5,53
,Indian,The Everest Kitchen,$$,Shoreline,Other,4,327
,Chinese,Qin Xi’an Noodles,$$,Shoreline,Other,4,358
Mapleleaf,Ramen,Kizuki Ramen & Izakaya,$$,Shoreline,Other,4,845
,Korean,Babsarang Restaurant,$,Shoreline,Hidden Gem,4.5,50
,Bakeries,Rise & Shine Bakery - Temp. CLOSED,$,Shoreline,Hidden Gem,5,165
,Coffee & Tea,Cafe Aroma,$,Shoreline,Other,4,74
,American (New),Daphnes,$$,Shoreline,Hidden Gem,4.5,154
,Mediterranean,The Greek Kitchen,$,Shoreline,Other,4,104
,Coffee & Tea,Cafe Aroma,$,Shoreline,Other,4,74
,Vietnamese,Le’s Pho Tai and Sandwiches,$$,Shoreline,Other,4,288
,American (New),Daphnes,$$,Shoreline,Hidden Gem,4.5,154
Mapleleaf,Peruvian,Don Lucho’s Restaurant & Pisco Bar,$$,Shoreline,Hidden Gem,4.5,216
Haller Lake,Coffee & Tea,Rain Cafe,$$,Shoreline,Other,3.5,390
,Cafes,Rusty Pelican Cafe,$$,Shoreline,Other,4,326
,Karaoke,Stars In the Sky,$$,Shoreline,Other,4,314
,Burgers,Time Out Greek & American Restaurant,$,Shoreline,Hidden Gem,4.5,358
,Korean,The Grill King All You Can Eat Korean BBQ,$$,Shoreline,Other,3.5,288
Greenwood,Vietnamese,Bánh Town,$$,Shoreline,Other,4,559
Greenwood,Pizza,Pizzeria La Rocca,n/a,Shoreline,Hidden Gem,5,10
,Colombian,El Parche Colombiano Restaurant,$$,Shoreline,Other,4,67
,Chinese,Taste Rice Noodle,$$,Shoreline,Hidden Gem,4.5,30
,Thai,Thai Bistro,$$,Shoreline,Other,3.5,368
Haller Lake,Indonesian,Indo Cafe,$$,Shoreline,Other,4,277
Pinehurst,Mexican,Casa Del Mariachi,$$,Shoreline,Hidden Gem,5,46
,Taiwanese,Looking For Chai Taiwanese Kitchen,$$,Shoreline,Other,4,290
,Vietnamese,Pho 99 Authentic Vietnamese,$$,Shoreline,Other,4,388
,Sushi Bars,San Kai,n/a,Shoreline,Other,4,92
,Gift Shops,Fil-Am Oriental Food & Gifts,$$,Shoreline,Hidden Gem,4.5,26
,Meat Shops,Euro Deli Lakomka,$$,Shoreline,Hidden Gem,4.5,13
,Sports Bars,Jersey’s Great Food & Spirits,$$,Shoreline,Other,4,193
,Mediterranean,Mediterranean Oasis,$$,Shoreline,Other,4,107
,Korean,SanMaRu Grill,$$,Shoreline,Other,3.5,177
,Cantonese,Wonton Noodle House,$,Shoreline,Other,4,361
,Chinese,Nara Chinese Restaurant,$$,Shoreline,Other,3.5,134
Pinehurst,Pizza,The Unique Cafe & Wine,$$,Shoreline,Hidden Gem,4.5,34
,Mediterranean,Fork Mediterranean Grill,$,Shoreline,Hidden Gem,4.5,348
Haller Lake,Indian,Saffron Grill,$$,Shoreline,Other,4,1276
,Cantonese,Furi Chinese Restaurant,$$,Shoreline,Hidden Gem,4.5,199
,Korean,Traditional Korean Beef Soup,$$,Shoreline,Other,4,234
Haller Lake,Vietnamese,V House Noodle,n/a,Shoreline,Hidden Gem,4.5,9
Olympic Hills,Pizza,Man’oushe Express,$,Shoreline,Hidden Gem,4.5,165
,African,Bantaba African Restaurant,$$,Shoreline,Hidden Gem,4.5,285
,Food Trucks,Taqueria Sotelo,n/a,Shoreline,Hidden Gem,5,2
,American (Traditional),The Guest House,$$,Shoreline,Other,4,226
,Chinese,Shi Qu Restaurant,n/a,Shoreline,Other,4,27
,Mexican,Alibertos,$,Shoreline,Other,4,198
,Asian Fusion,Bar Dojo,$$,Shoreline,Other,4,369
,Breweries,Stoup Brewing Kenmore,$$,Shoreline,Other,3.5,47
,Chinese,Lee’s Grill ‘n Bento,$,Shoreline,Other,4,98
,Hot Pot,HuoYan Hot Pot Restaurant,$$,Shoreline,Other,3.5,108
,Thai,Issaya Thai Cuisine,n/a,Shoreline,Other,4,28
,Asian Fusion,Asian Pho,$,Shoreline,Hidden Gem,4.5,12
,Food Trucks,Loxicha Authentic Oaxaca Cuisine,$,Shoreline,Hidden Gem,4.5,110
,Vietnamese,iSandwiches & Teriyaki,$,Shoreline,Other,4,213
,Pizza,Soprano’s Pizza & Pasta,$$,Shoreline,Other,4,123
,Thai,2C Thai Bistro & Spirits,$$,Shoreline,Hidden Gem,4.5,328
,Asian Fusion,Sahm Gook Jih Palace,$,Shoreline,Other,4,263
,Burgers,Diamond Knot Brewpub @ MLT,$$,Shoreline,Other,3.5,430
Sunset Hill,Pizza,Sunny Hill,n/a,Shoreline,Hidden Gem,4.5,48
,Gastropubs,Leftcraft,n/a,Shoreline,Other,3.5,39
Northgate,Food Delivery Services,Wow Bao,n/a,Shoreline,Other,3.5,3
,Pizza,Suni’s Pizza & Burgers,$$,Shoreline,Other,3.5,195
Mapleleaf,Thai,Ban Hua Sai,$$,Shoreline,Hidden Gem,4.5,152
,Ethiopian,Jebena Cafe,$$,Shoreline,Hidden Gem,4.5,418
,Tapas Bars,Demetris Woodstone Taverna,$$,Shoreline,Other,3.5,471
,Seafood,Scott’s Bar & Grill,$$,Shoreline,Other,3.5,469
Bitter Lake,Seafood,Ivar’s Seafood Bar,$$,Shoreline,Other,4,159
,Chinese,Boiling Fish,n/a,Shoreline,Hidden Gem,4.5,36
,Salad,The Habit Burger Grill,$$,Shoreline,Other,3.5,181
Mapleleaf,Thai,Ban Hua Sai,$$,Shoreline,Hidden Gem,4.5,152
,Ethiopian,Jebena Cafe,$$,Shoreline,Hidden Gem,4.5,418
,Mexican,Patty Pan,$,Shoreline,Other,4,19
Bitter Lake,Vietnamese,Teriyaki & Pho,n/a,Shoreline,Other,3.5,2
Greenwood,Vietnamese,Green Tree,$$,Shoreline,Hidden Gem,4.5,108
,Sushi Bars,Muto Izakaya Restaurant,$$,Shoreline,Other,4,291
,Food Trucks,Dojo Togo,n/a,Shoreline,Other,4,5
,Korean,Yummy Teriyaki & Fried Chicken,n/a,Shoreline,Other,4,19
Haller Lake,Szechuan,Buerjia Chinese Sauerkraut Fish,n/a,Shoreline,Other,3.5,29
Broadview,Szechuan,Kuan & Zhai Alley,$$,Shoreline,Other,3.5,104
,Japanese,Nori Presto,$,Shoreline,Other,4,197
,Bakeries,Katsu Burger,n/a,Shoreline,Other,4,26
,Meat Shops,The Butcher Shop Cafe,$$,Shoreline,Other,4,89
,American (New),Cascades,n/a,Shoreline,Other,4,16
,Breakfast & Brunch,Shay’s Restaurant,$,Shoreline,Other,3.5,83
Bitter Lake,Food Trucks,Anita’s Mexican Food,$,Shoreline,Hidden Gem,4.5,70
Greenwood,Chinese,Fu Shen,$$,Shoreline,Other,4,236
Crown Hill,American (New),The Thirsty Fish,$$,Shoreline,Other,4,102
,Korean,Old Village,$$,Shoreline,Other,3,473
,Japanese,Q Sushi Bar & Kitchen,$$,Shoreline,Hidden Gem,5,30
Broadview,Cuban,Geo’s Cuban Bar and Grill,$$,Shoreline,Hidden Gem,4.5,166
,Mexican,Taqueria Tonita,$,Shoreline,Hidden Gem,5,18
Licton Springs,Cafes,Cafe Banh Mi,$,Shoreline,Hidden Gem,4.5,106
Haller Lake,Vietnamese,Mekong Village,$$,Shoreline,Other,4,342
Olympic Hills,Food Trucks,Bangkok Food Truck,$,Shoreline,Hidden Gem,5,42
,Mexican,Taqueria’s Los Amigos,$,Shoreline,Hidden Gem,4.5,59
,Southern,Heaven Sent Fried Chicken,$$,Shoreline,Other,3.5,270
,Thai,Savvy Thai Cuisine,$$,Shoreline,Other,4,221
Greenwood,Chinese,Sunflower Garden,n/a,Shoreline,Hidden Gem,4.5,11
,Mexican,Taqueria’s Los Amigos,$,Shoreline,Hidden Gem,4.5,59
,Peruvian,San Fernando Roasted Chicken,$$,Shoreline,Other,4,199
Greenwood,Chinese,Sunflower Garden,n/a,Shoreline,Hidden Gem,4.5,11
,Breakfast & Brunch,Kona Kitchen - Lynnwood,$$,Shoreline,Other,4,260
,Bubble Tea,Happy Lemon,n/a,Shoreline,Other,3.5,77
,Chinese,Dong Ting Chun,$$,Shoreline,Other,3.5,275
Northgate,Food Delivery Services,Famous Dave’s Bar-B-Que,n/a,Shoreline,Other,3.5,14
Greenwood,Japanese,O Maki Rolls & Teriyaki,n/a,Shoreline,Hidden Gem,4.5,46
Haller Lake,Mexican,Grumpy’s Food Truck,$,Shoreline,Hidden Gem,4.5,116
Greenwood,Diners,North Star Diner & Shanghai Room,$$,Shoreline,Other,4,303
Greenwood,Diners,North Star Diner & Shanghai Room,$$,Shoreline,Other,4,303
Sand Point,Brewpubs,Magnuson Cafe & Brewery,$$,Shoreline,Other,3.5,195
,Peruvian,San Fernando Roasted Chicken,$$,Shoreline,Other,4,199
Bitter Lake,Fast Food,Chick-fil-A,n/a,Shoreline,Other,3,86
Licton Springs,Latin American,El Patio,n/a,Shoreline,Other,4,37
,Mexican,Acapulco Fresh Mexican Grill,$,Shoreline,Other,4,151
,Seafood,Arnies Restaurant,$$,Shoreline,Other,3.5,490
,Cheese Shops,Vinbero,n/a,Shoreline,Hidden Gem,4.5,7
,Asian Fusion,Thai by Day,n/a,Shoreline,Hidden Gem,4.5,128
,Sandwiches,Tubs Gourmet Subs,$,Shoreline,Other,4.5,508
Northgate,Food Delivery Services,Famous Dave’s Bar-B-Que,n/a,Shoreline,Other,3.5,14
,Pet Adoption,Kitty Korner,$,Shoreline,Other,3.5,30
Northgate,American (Traditional),Stanford’s Northgate,$$,Shoreline,Other,3,477
,Food Trucks,Here & There Grill,$$,Shoreline,Hidden Gem,4.5,59
,Ramen,Yua Ramen,$$,Shoreline,Other,4,65
,Vietnamese,Pho Ha,$$,Shoreline,Other,3.5,244
,Food Trucks,Yummy Box,$,Shoreline,Other,4,33
,Chinese,Peking House,$$,Shoreline,Other,3,139
,Bars,Rory’s of Edmonds Bar & Grill,$$,Shoreline,Other,4,240
,Korean,Gilson Korean Restaurant,$$,Shoreline,Other,3.5,113
,Halal,Aleppo Kitchen,n/a,Shoreline,Hidden Gem,4.5,123
,Middle Eastern,Lake City Gyros,$,Shoreline,Hidden Gem,4.5,223
Bitter Lake,Sushi Bars,Ichi Roll Wok & Teriyaki,$$,Shoreline,Other,4,109
,Taiwanese,Boiling Point,$$,Shoreline,Other,3.5,446
Crown Hill,American (Traditional),Wild Mountain Cafe,$$,Shoreline,Other,4,471
,Chinese,Dumpling Generation - Lake Forest Park,n/a,Shoreline,Other,3,30
,Pizza,Santorini Pizza & Pasta,$$,Shoreline,Other,4,90
Broadview,Thai,Thai Greenwood,$$,Shoreline,Other,4,95
,Vietnamese,Pho An,$,Shoreline,Other,4,456
Greenwood,Burgers,Greenwood Flame Burger,n/a,Shoreline,Other,4,31
,Teppanyaki,Fuji Teppanyaki & Sushi,n/a,Shoreline,Other,4,70
Haller Lake,Mexican,Las Margaritas,$$,Shoreline,Other,3.5,179
Bitter Lake,Thai,Chada Thai Restaurant,$$,Shoreline,Other,4,224
,Mexican,Taqueria Pollo Asado,$,Shoreline,Hidden Gem,4.5,230
Olympic Hills,Japanese,Nasai Teriyaki,$$,Shoreline,Hidden Gem,4.5,82
,Italian,Girardi’s Osteria,$$,Shoreline,Other,3.5,512
,Japanese,Best Teriyaki,$,Shoreline,Other,4,65
,Gelato,Shore Pine Coffee & Gelato,n/a,Shoreline,Hidden Gem,4.5,2
,Japanese,Teriyaki Island,$,Shoreline,Other,4,81
Loyal Heights,Lebanese,Cafe Munir,$$,Shoreline,Other,4,280
,Korean,Korean Fried Chicken,n/a,Shoreline,Other,4,1
Bitter Lake,Fast Food,Country Fried Chicken,n/a,Shoreline,Other,2.5,6
,Tacos,Omar’s Taqueria,n/a,Shoreline,Hidden Gem,4.5,66
Greenwood,Mexican,Luna Azul,$$,Shoreline,Hidden Gem,4.5,184
,Mexican,Todo Mexico,$$,Shoreline,Other,3.5,151
,Japanese,Teriyaki Plus,$,Shoreline,Hidden Gem,4.5,163
,Thai,Thai Family Restaurant,n/a,Shoreline,Hidden Gem,4.5,25
,Barbeque,Gangnam Korean Restaurant,$$,Shoreline,Other,4,134
,Mexican,Wet -Mex,n/a,Shoreline,Other,3.5,2
,Burgers,Hops n Drops,$$,Shoreline,Other,4,329
,Japanese,Teriyaki Plus,$,Shoreline,Hidden Gem,4.5,163
,Mexican,Kahlo’s Cantina,$$,Shoreline,Other,3.5,62
,American (Traditional),Lake Forest Bar & Grill,$$,Shoreline,Other,3,377
,Ethiopian,Ahadu Ethiopian Restaurant,$$,Shoreline,Hidden Gem,4.5,84
Mapleleaf,Pubs,Watershed Pub & Kitchen,$$,Shoreline,Other,3.5,380
Mapleleaf,Pizza,Flying Squirrel Pizza,$$,Shoreline,Other,4,173
Crown Hill,Mexican,Baja Tacos & Beer Mexican Restaurant,$$,Shoreline,Other,4,161
,Mexican,Santa Fe Mexican Grill & Cantina,$$,Shoreline,Other,3.5,65
Licton Springs,Burgers,Burgermaster,$,Shoreline,Other,4,255
Broadview,Beer Bar,A1 Hop Shop 144th,$,Shoreline,Hidden Gem,5,19
,Korean,Modoo Restaurant,n/a,Lynnwood,Hidden Gem,4.5,59
,Korean,Dawa,$$,Lynnwood,Hidden Gem,4.5,159
,Italian,Fire & the Feast,n/a,Lynnwood,Other,4,62
,Seafood,The Market,$$,Lynnwood,Hidden Gem,4.5,404
,Barbeque,Cask & Trotter - Lynnwood,$$,Lynnwood,Other,4,315
,American (New),Indigo Kitchen and Ale House,$$,Lynnwood,Other,4,869
,Filipino,Lasa Sandwiches & Pearls,$$,Lynnwood,Other,4,27
,Thai,Isarn Thai Soul Kitchen,$$,Lynnwood,Other,4,880
,Italian,Bucatini,$$,Lynnwood,Hidden Gem,4.5,469
,Korean,Kochi Po-Cha,n/a,Lynnwood,Hidden Gem,4.5,64
,Korean,Kochi Po-Cha,n/a,Lynnwood,Hidden Gem,4.5,64
,Filipino,Barkada Edmonds,$$,Lynnwood,Other,4,152
,Sushi Bars,Oshima Japanese Cuisine,$,Lynnwood,Hidden Gem,4.5,357
,Caribbean,Calypso Edmonds,$$,Lynnwood,Hidden Gem,4.5,147
,Sushi Bars,Muto Izakaya Restaurant,$$,Lynnwood,Other,4,295
,Korean,Seoul Hotdog,$,Lynnwood,Hidden Gem,4.5,145
,Vietnamese,Yeh Yeh’s,$,Lynnwood,Other,4.5,782
,Barbeque,Fat Pig BBQ,$$,Lynnwood,Hidden Gem,4.5,230
,African,Bantaba African Restaurant,$$,Lynnwood,Hidden Gem,4.5,285
,Seafood,Salt and Iron,$$$,Lynnwood,Other,4,842
,Hawaiian,Bobby’s Hawaiian Style Restaurant,$$,Lynnwood,Other,4,310
,Mexican,Taqueria Pollo Asado,$,Lynnwood,Hidden Gem,4.5,230
,Japanese,Ashiya,$$,Lynnwood,Hidden Gem,4.5,271
,Asian Fusion,Ta Joia,$$,Lynnwood,Hidden Gem,5,125
,Halal,Aleppo Kitchen,n/a,Lynnwood,Hidden Gem,4.5,124
,Thai,Charm Gai,$$,Lynnwood,Hidden Gem,4.5,135
,French,Grouchy Chef,$$,Lynnwood,Hidden Gem,4.5,298
,Seafood,The Hook,$$,Lynnwood,Other,4,194
,Burgers,Hops n Drops,$$,Lynnwood,Other,4,329
,Chinese,Dumpling Generation - Edmonds,$$,Lynnwood,Other,4,372
,Korean,Korea House,$$,Lynnwood,Other,4.5,662
,Barbeque,Gangnam Korean Restaurant,$$,Lynnwood,Other,4,134
,Mediterranean,Gyro Crush,n/a,Lynnwood,Hidden Gem,5,88
,Peruvian,Rinconcito Peruano Restaurant,$$,Lynnwood,Hidden Gem,4.5,39
,Chinese,Dumpling House,$,Lynnwood,Hidden Gem,4.5,22
,Ramen,SenSen Ramen & Katsu,$$,Lynnwood,Hidden Gem,4.5,51
,Japanese,Q Sushi Bar & Kitchen,$$,Lynnwood,Hidden Gem,5,36
,Korean,Sam Oh Jung,$$,Lynnwood,Other,4,305
,American (New),Blackbird,n/a,Lynnwood,Hidden Gem,4.5,22
,Breakfast & Brunch,Bistro 76 Cafe & Catering,$$,Lynnwood,Hidden Gem,4.5,259
,Pizza,Astoria Pizza & Pasta,$$,Lynnwood,Hidden Gem,4.5,208
,Barbeque,Moonshine BBQ,$$,Lynnwood,Other,3.5,471
,Dim Sum,Fashion Dim Sum,$$,Lynnwood,Other,4,365
,Sports Bars,The Cove Restaurant and Lounge,$$,Lynnwood,Other,4,102
,Teppanyaki,Fuji Teppanyaki & Sushi,n/a,Lynnwood,Other,4,70
,Sushi Bars,Wild Wasabi Japanese Cuisine,$$,Lynnwood,Other,4,592
,Steakhouses,Emory’s On Silver Lake,$$$,Lynnwood,Other,4,608
,Vietnamese,PHO Nguyen’s House,$$,Lynnwood,Other,4,121
,Desserts,The Cheesecake Factory - Lynnwood,$$,Lynnwood,Other,2.5,429
,Laotian,Sabai Sabai Lao & Thai Cuisine,$$,Lynnwood,Hidden Gem,4.5,100
,Chinese,Qin Xi’an Noodles,$$,Lynnwood,Other,4,360
,Pizza,Sparta’s Pizza & Spaghetti House- Lynnwood,$$,Lynnwood,Other,4,217
,Burgers,B3 Breakfast And Burger Bar,$$,Lynnwood,Other,3.5,502
,American (New),Cascades,n/a,Lynnwood,Other,4,16
,Mexican,Las Espuelas,$$,Lynnwood,Other,4.5,513
,Japanese,Katsu Burger,$$,Lynnwood,Other,4,405
,Cocktail Bars,The Cottage,$$,Lynnwood,Other,4,305
,Asian Fusion,Sahm Gook Jih Palace,$,Lynnwood,Other,4,263
,Bubble Tea,Cafe Kleo,$,Lynnwood,Other,4,123
,Mexican,La Cazuela Mexican,n/a,Lynnwood,Hidden Gem,5,26
,Laotian,Sabai Sabai Lao & Thai Cuisine,$$,Lynnwood,Hidden Gem,4.5,100
,Conveyor Belt Sushi,BittyFish Sushi,n/a,Lynnwood,Other,4,63
,Korean,9 Delicacies,$$,Lynnwood,Hidden Gem,4.5,275
,American (New),Daphnes,$$,Lynnwood,Hidden Gem,4.5,154
,Mexican,Carniceria Michoacan,$$,Lynnwood,Hidden Gem,4.5,11
,Burgers,Stack 571 Burger & Whiskey Bar,$$,Lynnwood,Other,4,342
,Cafes,Rusty Pelican Cafe,$$,Lynnwood,Other,4,327
,Peruvian,San Fernando Roasted Chicken,$$,Lynnwood,Other,4,199
,Korean,Vons Chicken,n/a,Lynnwood,Hidden Gem,4.5,53
,Taiwanese,Looking For Chai Taiwanese Kitchen,$$,Lynnwood,Other,4,291
,Caribbean,Maize & Barley,$$,Lynnwood,Hidden Gem,4.5,54
,Taiwanese,Looking For Chai Taiwanese Kitchen,$$,Lynnwood,Other,4,291
,Mexican,Taqueria Puebla,n/a,Lynnwood,Hidden Gem,4.5,74
,Szechuan,Szechuan Cuisine,$$,Lynnwood,Hidden Gem,4.5,80
,Gastropubs,Leftcraft,n/a,Lynnwood,Other,3.5,40
,Chinese,Taste Rice Noodle,$$,Lynnwood,Hidden Gem,4.5,30
,Sushi Bars,Edo Sushi and Sake,n/a,Lynnwood,Hidden Gem,4.5,59
,Mexican,Azul Restaurant & Lounge,$$,Lynnwood,Other,4,815
,Mediterranean,Epulo Bistro,$$,Lynnwood,Other,4,411
,American (New),Bazille,$$,Lynnwood,Other,3.5,48
,Desserts,Rusty Pelican Cafe,$$,Lynnwood,Other,4,506
,Szechuan,Best Of Chengdu,n/a,Lynnwood,Other,4,53
,Mexican,Casa Oaxaca,$$,Lynnwood,Hidden Gem,4.5,132
,Mexican,El Rinconsito - Lynnwood,$,Lynnwood,Other,4,288
,Tacos,Omar’s Taqueria,n/a,Lynnwood,Hidden Gem,4.5,68
,Taiwanese,Tasty Pot,$$,Lynnwood,Other,4,191
,Mexican,El Antojo - Lynnwood,$,Lynnwood,Other,4,261
,Mexican,La Terraza Food Truck - Lynnwood,n/a,Lynnwood,Hidden Gem,4.5,36
,Cantonese,Furi Chinese Restaurant,$$,Lynnwood,Hidden Gem,4.5,199
,Mediterranean,Fork Mediterranean Grill,$,Lynnwood,Hidden Gem,4.5,349
,Steakhouses,The Keg Steakhouse Bar - Lynnwood - Temp. CLOSED,$$$,Lynnwood,Other,4,612
,Beer Bar,The Bine Beer & Food,$$,Lynnwood,Hidden Gem,4.5,311
,Vietnamese,Banh Mi Bites,$,Lynnwood,Hidden Gem,4.5,83
,Korean,Babsarang Restaurant,$,Lynnwood,Hidden Gem,4.5,50
,Seafood,Anthony’s Beach Cafe,$$,Lynnwood,Other,3.5,200
,Thai,Thai Family Restaurant,n/a,Lynnwood,Hidden Gem,4.5,28
,Pizza,Local 104,$$,Lynnwood,Other,4,76
,Cafes,Saw Mill Cafe,$$,Lynnwood,Other,4,413
,Barbeque,Wake N Bacon BBQ,$$,Lynnwood,Hidden Gem,4.5,98
,Korean,Hosoonyi Korean Restaurant,$$,Lynnwood,Other,4,523
,Korean,Cho Dang Tofu Restaurant,$$,Lynnwood,Hidden Gem,4.5,108
,Korean,Traditional Korean Beef Soup,$$,Lynnwood,Other,4,234
,Cantonese,U Lin Asian Bistro,$$,Lynnwood,Other,3.5,252
,Asian Fusion,Bar Dojo,$$,Lynnwood,Other,4,371
,Japanese,Q-Cafe,n/a,Lynnwood,Other,4,5
,Pizza,The Rock Wood Fired Pizza,$$,Lynnwood,Other,3.5,618
,Asian Fusion,Thai by Day,n/a,Lynnwood,Hidden Gem,4.5,129
,Cheese Shops,Vinbero,n/a,Lynnwood,Hidden Gem,4.5,7
,Tapas/Small Plates,Tablas Woodstone Taverna,$$,Lynnwood,Other,3.5,647
,Karaoke,Stars In the Sky,$$,Lynnwood,Other,4,313
,Cheese Shops,Vinbero,n/a,Lynnwood,Hidden Gem,4.5,7
,Karaoke,Stars In the Sky,$$,Lynnwood,Other,4,313
,Indian,Caravan Kebab,$$,Lynnwood,Hidden Gem,4.5,289
Lynnwood,Food Trucks,Tacos Reggie,n/a,Lynnwood,Hidden Gem,5,27
,Italian,The Old Spaghetti Factory,$$,Lynnwood,Other,3,341
,Italian,Grazie Ristorante Italiano,$$,Lynnwood,Other,4,428
,Burgers,Good Burger,$$,Lynnwood,Hidden Gem,4.5,21
,Korean,WuJu KBBQ,$$,Lynnwood,Other,3.5,83
,Pubs,The Bison on Main,n/a,Lynnwood,Hidden Gem,4.5,29
,Hawaiian,Just Poke,$$,Lynnwood,Hidden Gem,4.5,19
,Hawaiian,Just Poke,$$,Lynnwood,Hidden Gem,4.5,19
,Poke,Ono Authentic Hawaiian Poke,$$,Lynnwood,Other,4.5,520
,American (Traditional),Claim Jumper Steakhouse & Bar,$$,Lynnwood,Other,3,578
,Greek,Gyro Delight,$,Lynnwood,Other,4,197
,Seafood,The Potlatch Bistro,n/a,Lynnwood,Other,3,4
,Korean,Sura Korean Barbeque & Traditional Food,$$,Lynnwood,Other,3.5,166
,Wine Bars,Red Cork Bistro,$$,Lynnwood,Hidden Gem,4.5,127
,Salvadoran,Nuevo Amanecer Pupuseria,$,Lynnwood,Hidden Gem,4.5,98
,Chinese,Boiling Fish,n/a,Lynnwood,Hidden Gem,4.5,36
,Sushi Bars,Nakagawa Japanese Restaurant,$$,Lynnwood,Other,4,143
,Seafood,Anthony’s Seafood Grill,$$,Lynnwood,Other,3,267
,Barbeque,Gabriel’s Fire,$$,Lynnwood,Other,4,417
,Korean,BBQ Arirang,$$,Lynnwood,Other,2.5,299
,Sushi Bars,MOMO Sushi,$$,Lynnwood,Hidden Gem,4.5,187
,Sushi Bars,Best Sushi & Teriyaki,$,Lynnwood,Other,4,113
,Thai,Silver Spoon Thai Restaurant & Bar,$$,Lynnwood,Other,3.5,621
,Sandwiches,Tubs Gourmet Subs,$,Lynnwood,Hidden Gem,4.5,399
,Thai,B Thai,$$,Lynnwood,Other,4,109
,Chinese,Ming Garden,n/a,Lynnwood,Hidden Gem,4.5,41
,Chinese,Dong Ting Chun,$$,Lynnwood,Other,3.5,276
,Coffee & Tea,Buzzed Bear Coffee,$,Lynnwood,Hidden Gem,4.5,54
,Fast Food,Chick-fil-A,$,Lynnwood,Other,4,475
,Szechuan,China Cafe,$$,Lynnwood,Other,3.5,135
,Sandwiches,Philly Ya Belly,$$,Lynnwood,Hidden Gem,4.5,388
,Bubble Tea,Happy Lemon,n/a,Lynnwood,Other,3.5,79
,Pizza,"Chicago’s Pizza With A Twist Lynnwood, WA",n/a,Lynnwood,Other,3.5,72
,Vietnamese,Pho Country House Highway 99 Lynnwood,n/a,Lynnwood,Other,3.5,35
,Sushi Bars,Big Fish Sushi,$$,Lynnwood,Other,4,175
,Vietnamese,The Bistro Pho & Teriyaki,$,Lynnwood,Other,3.5,87
,Chinese,Noodle House,$$,Lynnwood,Other,3.5,5
,Bars,Rory’s of Edmonds Bar & Grill,$$,Lynnwood,Other,4,241
,Mediterranean,Gyro Guys Halal Grill,n/a,Lynnwood,Hidden Gem,4.5,82
,Sushi Bars,Sushi Misoya,$$,Lynnwood,Other,4,144
,Noodles,Noodle Hut,$,Lynnwood,Hidden Gem,4.5,133
,Gelato,Shore Pine Coffee & Gelato,n/a,Lynnwood,Hidden Gem,4.5,2
,Pizza,Streetzeria,$$,Lynnwood,Hidden Gem,4.5,114
,Italian,Amaro Bistro,$$,Lynnwood,Other,4,398
,Thai,Savvy Thai Cuisine,$$,Lynnwood,Other,4,221
,Korean,Hyang Mi,$,Lynnwood,Other,4,11
,Seafood,Arnies Restaurant,$$,Lynnwood,Other,3.5,490
,Italian,Amaro Bistro,$$,Lynnwood,Other,4,398
,Pizza,Streetzeria,$$,Lynnwood,Hidden Gem,4.5,114
,Sushi Bars,San Kai,n/a,Lynnwood,Other,4,96
,Seafood,Arnies Restaurant,$$,Lynnwood,Other,3.5,490
,Southern,Ezell’s Famous Chicken,$,Lynnwood,Other,3,242
,Italian,Olive Garden Italian Restaurant,$$,Lynnwood,Other,3,299
,Mexican,Santa Fe Mexican Grill & Cantina,$$,Lynnwood,Other,4,66
,Taiwanese,Boiling Point,$$,Lynnwood,Other,3.5,446
,Burgers,Diamond Knot Brewpub @ MLT,$$,Lynnwood,Other,3.5,430
,Thai,2 Thai Dragons,n/a,Lynnwood,Other,4,7
,Burgers,Blazing Onion Burger,$$,Lynnwood,Other,3.5,427
,Taiwanese,Boiling Point,$$,Lynnwood,Other,3.5,446
,Ramen,Yua Ramen,$$,Lynnwood,Other,4,65
,Mexican,Alibertos,$,Lynnwood,Other,4,199
,Korean,Yummy Teriyaki & Fried Chicken,n/a,Lynnwood,Other,4,20
,Pizza,MOD Pizza,$,Lynnwood,Other,4,114
,Poke,Star Poke,$$,Lynnwood,Other,4,150
,Mediterranean,Bay Leaf Bar & Grill,n/a,Lynnwood,Hidden Gem,4.5,71
,Pizza,Zeek’s Pizza,$$,Lynnwood,Other,3.5,133
,Mexican,Todo Mexico,$$,Lynnwood,Other,3.5,190
,Vietnamese,Pho 36,$$,Lynnwood,Other,4,259
,Thai,2 Thai Dragons,n/a,Lynnwood,Other,4,7
,American (Traditional),Mukilteo’s Speedway Cafe,$$,Lynnwood,Other,4,246
,Korean,Olympus Spa Restaurant,n/a,Lynnwood,Hidden Gem,5,2
,Salvadoran,Pupuseria Suchitoto,$$,Lynnwood,Other,3.5,61
,Mexican,Waka Waka Snack Bar,n/a,Lynnwood,Hidden Gem,4.5,13
,Convenience Stores,One Stop Market & Greek Kouzina,$,Lynnwood,Hidden Gem,4.5,130
,Bars,The Northern Public House,$$,Lynnwood,Other,3,85
,Indian,Royal India Cuisine,$$,Lynnwood,Other,4,437
,Breakfast & Brunch,Crystal Creek Cafe,$$,Lynnwood,Other,4,394
,Breakfast & Brunch,Crystal Creek Cafe,$$,Lynnwood,Other,4,394
,Chinese,Shi Qu Restaurant,n/a,Lynnwood,Other,4,27
,American (New),The Loft Cafe + Courtyard,$$,Lynnwood,Other,3.5,356
,Cafes,The College Cafe,n/a,Lynnwood,Hidden Gem,4.5,8
,German,Budapest Bistro,$$,Lynnwood,Hidden Gem,4.5,152
,Food Trucks,Dojo Togo,n/a,Lynnwood,Other,4,5
,Seafood,Red Lobster,$$,Lynnwood,Other,3,376
,Japanese,Ohana Teriyaki,$,Lynnwood,Hidden Gem,4.5,215
,Vietnamese,Pho 84,$,Lynnwood,Other,4,121
,Korean,Todamgol Korean Restaurant,$$,Lynnwood,Other,4,190
,Korean,Todamgol Korean Restaurant,$$,Lynnwood,Other,4,190
,American (New),Vault 177,n/a,Lynnwood,Hidden Gem,5,4
,Korean,Sottukkeong,$$,Lynnwood,Other,3.5,60
,Burgers,A Burger Place,$,Lynnwood,Other,4,69
,Chinese,Genghis Mongolian Grill,$,Lynnwood,Other,3.5,74
,American (Traditional),Chanterelle,$$,Lynnwood,Other,3.5,271
,Food Trucks,Here & There Grill,$$,Lynnwood,Hidden Gem,4.5,59
,Bakeries,Rise & Shine Bakery - Temp. CLOSED,$,Lynnwood,Hidden Gem,5,166
,American (Traditional),Applebee’s Grill + Bar,$$,Lynnwood,Other,2.5,178
,Chicken Shop,Ezell’s Famous Chicken,n/a,Lynnwood,Other,3.5,45
,Thai,BMG Thai Asian Restaurant,$$,Lynnwood,Other,4.5,654
,Chinese,P.F. Chang’s,$$,Lynnwood,Other,3,399
,Vietnamese,Banh Mi Pho U!,$,Lynnwood,Hidden Gem,4.5,142
,American (Traditional),Shari’s Cafe and Pies,$$,Lynnwood,Other,2.5,176
,Breakfast & Brunch,Claire’s Restaurant,$$,Lynnwood,Other,3,170
,Pizza,Portofino Restaurant & Bar,$$,Lynnwood,Other,3.5,191
,Korean,I Luv Tofu & More,n/a,Lynnwood,Other,3,16
,Vietnamese,Good PHO You,$,Lynnwood,Other,4,359
,American (New),The Garden Grille & Bar,$$,Lynnwood,Hidden Gem,4.5,4
,Mexican,Julio’s Restaurant,$$,Lynnwood,Other,4,427
,American (New),The Garden Grille & Bar,$$,Lynnwood,Hidden Gem,4.5,4
,Pizza,Tasty Curry Restaurant & Pizza,n/a,Lynnwood,Hidden Gem,4.5,52
,Burgers,Dick’s Drive-In,$,Lynnwood,Other,3.5,382
,Pizza,Avanti Pizza & Pasta,$$,Lynnwood,Other,3.5,209
,Bakeries,Piroshky & Crepes,$$,Lynnwood,Other,4,274
,Italian,Girardi’s Osteria,$$,Lynnwood,Other,3.5,512
,Italian,Readi Spaghetti,$,Lynnwood,Other,3.5,50
,Chicken Wings,Buffalo Wild Wings,$$,Lynnwood,Other,2.5,629
,Fast Food,Teriyaki Garden,$,Lynnwood,Other,4,112
,Delis,Deluxe Office Deli,$,Lynnwood,Other,4,12
,Delis,Deluxe Office Deli,$,Lynnwood,Other,4,12
,Asian Fusion,Asian Pho,$,Lynnwood,Hidden Gem,4.5,12
,Sports Bars,Just Left Pub & Grill,$$,Lynnwood,Other,3.5,56
,Pizza,Romeo’s Restaurant & Pizzeria,$$,Lynnwood,Other,3.5,158
,Pizza,Brier Pizza Kitchen,$$,Lynnwood,Other,4,176
,Korean,Gilson Korean Restaurant,$$,Lynnwood,Other,3.5,114
,Sushi Bars,Oceano Sushi,$$,Lynnwood,Hidden Gem,4.5,368
,Breakfast & Brunch,Shawn O’Donnell’s American Grill & Irish Pub,$$,Lynnwood,Other,4,517
,Food Trucks,Yummy Box,$,Lynnwood,Other,4,34
,Greek,Kafé Neo Edmonds,$$,Lynnwood,Other,3.5,295
,Mexican,Asadero Sinaloa,$$$,Kent,Other,4.5,1160
,Korean,Iron Pot,n/a,Kent,Hidden Gem,5,48
,Seafood,Nana’s Southern Kitchen,$$,Kent,Hidden Gem,4.5,325
,Japanese,Katsu Burger,n/a,Kent,Hidden Gem,5,9
,Mediterranean,Mediterranean Breeze Restaurant Kent,$$,Kent,Hidden Gem,4.5,132
,Seafood,Wally’s Chowder House & Broiler,$$,Kent,Other,4.5,1467
,Filipino,Big Boys Kainan,$$,Kent,Other,4,297
,Cajun/Creole,Altha’s Louisiana Cajun Seasoning & Spices & Deli,$$,Kent,Hidden Gem,4.5,129
,American (New),Half Lion Public House,$$,Kent,Other,4,78
,Sushi Bars,Musashi’s,n/a,Kent,Hidden Gem,4.5,14
,Breweries,Airways Brewing: The Bistro in Downtown Kent,$$,Kent,Other,4,350
,Breakfast & Brunch,egghole,$$,Kent,Other,4,222
,Food Trucks,Fire Tacos De Birria,n/a,Kent,Hidden Gem,4.5,52
,Hot Dogs,Seoul Hotdog,$,Kent,Hidden Gem,5,10
,Seafood,Boiling Crawfish,$$,Kent,Other,3.5,413
,Latin American,Antigua Guatemala Restaurant,n/a,Kent,Hidden Gem,4.5,45
,Italian,Paolo’s Italian Restaurant,$$,Kent,Other,4,212
,Barbeque,BBQ Pete’s,$$,Kent,Other,4,442
,Dim Sum,Triumph Valley,$$,Kent,Other,4,144
,Vietnamese,Saigon Soul Vietnamese Restaurant,$$,Kent,Other,4,320
,Filipino,Fil Cuisine,$$,Kent,Other,4,411
,Chinese,Mama Dough,$$,Kent,Other,4,329
,Dim Sum,Triumph Valley,$$,Kent,Other,4,144
,Chinese,CIRCLE CHINESE CUISINE,n/a,Kent,Hidden Gem,4.5,8
,Hawaiian,Yummy Kitchen,$$,Kent,Hidden Gem,4.5,116
,Breakfast & Brunch,Wild Wheat,$$,Kent,Other,4,885
,Ramen,Shibu Ramen,$$,Kent,Other,4,149
,Chinese,Green Valley Restaurant & Hanapaa Poke,$$,Kent,Hidden Gem,4.5,157
,Thai,Youpa’s Thai Kitchen,$$,Kent,Hidden Gem,4.5,135
,Filipino,Mekenie Pampangga’s Special,$$,Kent,Hidden Gem,4.5,165
,Chinese,Green Valley Restaurant & Hanapaa Poke,$$,Kent,Hidden Gem,4.5,157
,American (Traditional),Sharps Roasthouse,$$,Kent,Other,4,1364
,Mediterranean,Olive Tree Mediterranean Restaurant,$$,Kent,Other,4,481
,Vietnamese,Spring Kitchen - Kent Station,$,Kent,Other,4,124
,Cafes,Mary’s Fine Foods,$$,Kent,Hidden Gem,4.5,192
,Hawaiian,Poké Bar,$$,Kent,Other,4,162
,Chinese,Kingwuu,n/a,Kent,Hidden Gem,4.5,27
,Korean,MyungIn Dumplings,n/a,Kent,Hidden Gem,5,11
,Korean,Exit 5 Korean BBQ,$$,Kent,Other,4,295
,Burgers,Salty Blue,n/a,Kent,Hidden Gem,4.5,78
,Cambodian,Theary Cambodian Foods,n/a,Kent,Hidden Gem,5,21
,Korean,MyungIn Dumplings,n/a,Kent,Hidden Gem,5,11
,Burgers,Firestarter Bar & Grill,$$,Kent,Other,4,136
,Coffee & Tea,Feast and Foliage,n/a,Kent,Hidden Gem,5,29
,Japanese,Miyabi Restaurant,$$,Kent,Other,4,1124
,Ramen,Tokyo-ya Ramen & Izakaya,$$,Kent,Other,4.5,930
,American (New),Copperleaf Restaurant,$$$,Kent,Other,4,288
,Beer Bar,UnderGround Kitchen,$$,Kent,Hidden Gem,4.5,234
,Mediterranean,Ishtar Greek & Mediterranean Cuisine,$,Kent,Other,4,343
,Steakhouses,Melrose Grill,$$$,Kent,Other,4.5,1220
,Italian,Mama Stortini’s Restaurant & Bar - Kent,$$,Kent,Other,3.5,536
,Thai,Ting Tong Thai Cafe,$$,Kent,Other,4,441
,Chicken Wings,El Senor Pollo De Kent,$,Kent,Hidden Gem,4.5,51
,Korean,Ohana Kitchen,$$,Kent,Hidden Gem,4.5,364
,Seafood,Duke’s Seafood,$$,Kent,Other,3.5,294
,Cafes,Peyrassol Cafe,$$,Kent,Hidden Gem,4.5,320
,American (New),Water’s Table,$$,Kent,Other,3.5,435
,Filipino,Tropical Hut Restaurant,n/a,Kent,Hidden Gem,4.5,52
,Barbeque,Megastar BBQ Restaurant,n/a,Kent,Other,3.5,51
,Chinese,Ying Fung Cafe,n/a,Kent,Other,3.5,27
,American (Traditional),Maggie’s On Meeker,$$,Kent,Other,4,296
,Mexican,Aceituno’s,$,Kent,Other,4,75
,Mediterranean,Reyhoon Grill,$$,Kent,Other,4,36
,Taiwanese,Boiling Point,$$,Kent,Other,4,520
,Hawaiian,Saimin Says,n/a,Kent,Hidden Gem,4.5,27
,Cafes,Sweet Notes Cafe,n/a,Kent,Other,4,63
,Japanese,Saya Restaurant,$$,Kent,Other,4,200
,Mexican,Birrieria Monarca,$$,Kent,Hidden Gem,4.5,47
,Modern European,Europa,$$,Kent,Hidden Gem,4.5,205
,Korean,Kitchen Remix,n/a,Kent,Hidden Gem,4.5,82
,Vietnamese,Pho T-Q,$,Kent,Other,4,242
,Beer Bar,The Brick Kitchen + Lounge,$$,Kent,Hidden Gem,4.5,100
,Italian,Bistro Baffi Italian Restaurant & Bar,$$$,Kent,Hidden Gem,4.5,290
,Bars,Agave Cocina & Cantina,$$,Kent,Other,3.5,269
,Indian,Indian Bistro,n/a,Kent,Hidden Gem,5,56
,Breakfast & Brunch,Sun Break Cafe,$$,Kent,Other,4,663
,Vietnamese,urban chops,$,Kent,Hidden Gem,4.5,260
,Indian,Himalayan Cafe,$$,Kent,Other,4,480
,Seafood,Nazes Seafood,$$,Kent,Hidden Gem,4.5,179
,Italian,Sansonina Ristorante Italiano,$$,Kent,Hidden Gem,4.5,208
,Hot Pot,Shabu Shabuya,n/a,Kent,Other,4,49
,Szechuan,Szechuan First Restaurant,$$,Kent,Other,4,454
,Seafood,Anthony’s HomePort,$$$,Kent,Other,3.5,472
,Lounges,Rafiki Restaurant & Lounge,n/a,Kent,Other,4,31
,Mexican,Birrieria Tijuana,n/a,Kent,Hidden Gem,4.5,317
,Mediterranean,Shanasheel Restaurant,n/a,Kent,Other,3.5,41
,Korean,Sumi Korean Grill,n/a,Kent,Other,4,69
,Mexican,La Chapanita,n/a,Kent,Other,4,16
,Sushi Bars,Sushi Today,$$,Kent,Hidden Gem,4.5,455
,Irish,The Harp Bar And Restaurant,$$,Kent,Hidden Gem,4.5,112
,Fast Food,Dick’s Drive-In,$,Kent,Other,3.5,215
,Dim Sum,Engimono Ramen & Dim Sum,$$,Kent,Other,4,75
,Bars,Moctezuma’s Mexican Restaurant & Tequila Bar,$$,Kent,Other,4,1497
,Middle Eastern,Gyro Station,n/a,Kent,Hidden Gem,4.5,66
,Bars,13 Coins Restaurant,$$,Kent,Other,3.5,1533
,Russian,Alaskan Dumplings,n/a,Kent,Other,4,72
,Cajun/Creole,CreoleSoul,$$,Kent,Hidden Gem,5,5
,Dim Sum,Lucky House Chinese Restaurant,$$,Kent,Other,3.5,341
,Seafood,Golden Steer Steak And Rib House,$$,Kent,Other,3.5,233
,Breweries,Ram Restaurant & Brewhouse,$$,Kent,Other,3,410
,Korean,Yeadahm Korean Soup House,n/a,Kent,Hidden Gem,4.5,32
,Food Trucks,Birrieria Gourmet,n/a,Kent,Hidden Gem,4.5,4
,Dim Sum,Lucky House Chinese Restaurant,$$,Kent,Other,3.5,341
,Mexican,Aguacateros,$,Kent,Other,4,89
,Japanese,Sushi Kuine Japanese Restaurant,$$,Kent,Other,4,168
,Chinese,Eat Time,$$,Kent,Hidden Gem,4.5,255
,Mexican,El Piketon Restaurant & Lounge,n/a,Kent,Other,3,33
,Cocktail Bars,Dock and Drink,n/a,Kent,Other,3,45
,Seafood,Golden Steer Steak And Rib House,$$,Kent,Other,3.5,233
,Mexican,El Piketon Restaurant & Lounge,n/a,Kent,Other,3,33
,Sandwiches,Pigfish Cafe,$$,Kent,Hidden Gem,5,90
,Salvadoran,Belen Pupuseria,$,Kent,Hidden Gem,4.5,129
,Burgers,Katsu Burger,$$,Kent,Other,4,160
,Burgers,Bob’s Burgers,$$,Kent,Hidden Gem,4.5,245
,Burgers,The Habit Burger Grill,$,Kent,Other,4,386
,Dim Sum,Dough Zone - Renton,n/a,Kent,Other,4,113
,Thai,Banyan Tree,$$,Kent,Other,3.5,317
,Salad,Jumpin Jambalaya,n/a,Kent,Hidden Gem,5,7
,Barbeque,The BBQ Schacht,$$,Kent,Hidden Gem,4.5,97
,Vietnamese,Vinason Pho & Grill,$$,Kent,Other,4,128
,Indian,Janpath Indian Cuisine,n/a,Kent,Other,4,14
,Greek,The Greek House,$$,Kent,Other,4.5,511
,Japanese,Trapper’s Sushi - Kent Station,$$,Kent,Other,3,601
,Hot Dogs,Skooder’s Hot Dog,$,Kent,Hidden Gem,5,9
,Cocktail Bars,Dock and Drink,n/a,Kent,Other,3,45
,Cafes,Ubuntu Street Café,n/a,Kent,Hidden Gem,5,10
,Chinese,Golden Dynasty,$$,Kent,Other,4,123
,American (New),913 - The Place Next Door,$$,Kent,Hidden Gem,4.5,42
,American (Traditional),Gator’s Sports Bar & Grill,$$,Kent,Other,3.5,167
,Burgers,The Habit Burger Grill,$,Kent,Other,4,386
,American (New),913 - The Place Next Door,$$,Kent,Hidden Gem,4.5,42
,Vietnamese,Cát Sang,$,Kent,Other,4,328
,American (Traditional),Gator’s Sports Bar & Grill,$$,Kent,Other,3.5,167
,Laotian,Sweet Rice,$$,Kent,Other,4,181
,Bakeries,Banh Mi Station,$,Kent,Other,4,18
,Filipino,Lumpia World,$,Kent,Hidden Gem,4.5,118
,Thai,Thai Chili Restaurant,$$,Kent,Other,4,181
,Thai,Grandma Thai Cuisine,$$,Kent,Other,4,255
,Italian,slice of italy,n/a,Kent,Other,3.5,29
,Sandwiches,S Level Tea,$,Kent,Other,4,146
,Hawaiian,Big Island Poke,$$,Kent,Other,4,388
,Tacos,Solamente Al Pastor,n/a,Kent,Hidden Gem,4.5,81
,Szechuan,Spicy Chong Qing,$$,Kent,Other,3.5,60
,Vietnamese,Pho Lam,n/a,Kent,Hidden Gem,4.5,18
Kent,Food Trucks,Tacos San Juan,n/a,Kent,Hidden Gem,4.5,62
,Sushi Bars,Sumo Sushi,$$,Kent,Other,4,283
,Bubble Tea,Umi Cafe,$$,Kent,Hidden Gem,4.5,298
,Thai,Five Sisters Thai Cuisine,$$,Kent,Hidden Gem,4.5,157
,Japanese,Tokyo Town Teriyaki,$$,Kent,Hidden Gem,4.5,133
,Indian,Curry & Kabab,$$,Kent,Other,4,221
,American (Traditional),JP’s Taproom+Grill,$$,Kent,Other,4,261
,Thai,Greatest Thai Restaurant,$$,Kent,Other,4,65
,Burgers,Family Drive-In,$,Kent,Other,3.5,120
,Pizza,via Marina Wood Fired Pizza & Italian Cafe,$$,Kent,Other,4,263
,Korean,So Moon Nan Jib,$$,Kent,Other,4,468
,Soul Food,Serious Soul At Cubby’s,$$,Kent,Other,4,144
,Seafood,Fortune Seafood Restaurant,$$,Kent,Other,3.5,161
,Cafes,The Quarterdeck,n/a,Kent,Hidden Gem,5,45
,Cafes,Summit Cafe,$$,Kent,Hidden Gem,4.5,4
,Latin American,Pimienta Bistro & Bar,$$,Kent,Hidden Gem,4.5,305
,American (Traditional),Shake ‘N Go,$,Kent,Other,4,167
,Chinese,San Wok Express,$,Kent,Hidden Gem,4.5,153
,Japanese,Kim’s Teriyaki,$$,Kent,Hidden Gem,4.5,43
,Cajun/Creole,Crawfish House,$$,Kent,Other,4,777
,Bars,Pony Keg Grill & Bar,$$,Kent,Other,4,37
,Taiwanese,Din Tai Fung,$$,Kent,Other,4,1037
,Burgers,EJ Burger Kent,$,Kent,Hidden Gem,4.5,41
,Pizza,Curry In A Hurry Pizza,n/a,Kent,Other,3.5,11
,Mexican,El Rinconsito - Kent,$,Kent,Other,3.5,190
,Beer Bar,Cosmic Bottles,n/a,Kent,Hidden Gem,4.5,18
,Mexican,El Rinconsito - Kent,$,Kent,Other,3.5,190
,Bars,Sidestreet Kitchen & Bar,$$,Kent,Other,4,206
,Vietnamese,Pho Mau,$,Kent,Other,4,140
,Food Trucks,Big Boys Filipino Food Truck,$,Kent,Other,4,84
,Sandwiches,Togo’s Sandwiches,$,Kent,Other,3,132
,Barbeque,Cave Man Kitchen,$$,Kent,Other,3,287
,Italian,Amante Pizza & Pasta,$$,Kent,Other,3,204
,Buffets,Mizuki Buffet,$$,Kent,Other,3.5,812
,"Beer, Wine & Spirits",Grill In The Woods,n/a,Kent,Hidden Gem,4.5,3
,Mexican,California Burrito,$,Kent,Other,3.5,275
,Mexican,Antojitos Michalisco,$,Kent,Hidden Gem,4.5,42
,Szechuan,Wild Pepper Szechuan Cuisine,$$,Kent,Other,3.5,221
,Desserts,Alhamdani,$$,Kent,Other,4,29
,Japanese,Happy At the Bay,$$,Kent,Other,4,106
Kent,Venezuelan,Paparepas,$$,Kent,Hidden Gem,4.5,188
,Ramen,Arashi Ramen,$$,Kent,Other,4,849
,Grocery,Taste of Europe,$$$$,Kent,Other,3.5,11
,Cafes,Fan Tang - Southcenter,n/a,Kent,Other,4,2
,Japanese,California Monster Sushi,$$,Kent,Other,3.5,301
,Mediterranean,Alexandria Mediterranean Cuisine,$$,Kent,Other,4,79
,Vietnamese,Sizzle & Crunch Vietnamese Grill,n/a,Kent,Hidden Gem,4.5,25
,Buffets,Mizuki Buffet,$$,Kent,Other,3.5,812
,Pizza,Smoking Monkey Pizza,$$,Kent,Other,4,664
,Vietnamese,Pho Binh Minh,n/a,Kent,Hidden Gem,5,66
Rainier Beach,Japanese,Umami Kushi,n/a,Kent,Hidden Gem,5,44
,Filipino,Lola’s Cuisine,n/a,Kent,Hidden Gem,5,3
,Pizza,Cascadia Pizza,$$,Kent,Hidden Gem,4.5,42
,Thai,CHOKE DEE Thai Street,n/a,Kent,Hidden Gem,4.5,54
,Asian Fusion,Apsara Palace Restaurant,n/a,Kent,Hidden Gem,4.5,34
,Breakfast & Brunch,516 Bar And Grill,$$,Kent,Other,3.5,28
,African,Kilimanjaro Restaurant and Cafe,n/a,Kent,Hidden Gem,5,6
,Breakfast & Brunch,Sam’s Kitchen,$,Kent,Hidden Gem,4.5,20
,Pizza,Can Am Pizza,$$,Kent,Other,4,140
,Fast Food,MOD Pizza,$,Kent,Other,3.5,88
,Cafes,Macrina Bakery & Cafe,$,Kent,Other,4,59
,Japanese,California Monster Sushi,$$,Kent,Other,3.5,301
,Sushi Bars,Nami Sushi,n/a,Kent,Hidden Gem,4.5,125
,Mexican,El Charro Mexican Restaurant,$$,Kent,Other,3,57
,Chinese,Main Garden,n/a,Kent,Other,4,48
,Mexican,El Charro Mexican Restaurant,$$,Kent,Other,3,57
,American (New),Yummy Meats & Deli,n/a,Kent,Other,4,125
,Bars,Tomo,n/a,Kent,Hidden Gem,4.5,6
,Chinese,Chopsticks,$$,Kent,Other,3.5,180
,Mexican,Taqueria El Ranchito,$,Kent,Other,4,52
South Park,Indian,Mom’s Kitchen,n/a,Kent,Hidden Gem,5,20
,Chicken Wings,Wingstop,$$,Kent,Other,2.5,117
,International Grocery,Discount Produce and Fruit Market,$,Kent,Other,3.5,11
,African,Kilimanjaro Restaurant and Cafe,n/a,Kent,Hidden Gem,5,6
,Seafood,Duke’s Seafood,$$$,Kent,Other,4,643
,Mediterranean,Marlaina’s Mediterranean Kitchen,$$,Kent,Hidden Gem,4.5,220
,Indian,Kamal Da Dhaba,$$,Kent,Other,3.5,64
,Coffee & Tea,Hachi-ko,$$,Kent,Other,4,15
,Barbeque,Pac Island Grill,$$,Kent,Other,4,346
,Mexican,Tacos Mexico,n/a,Kent,Hidden Gem,5,19
,Bars,Tomo,n/a,Kent,Hidden Gem,4.5,6
,Indian,Manraj Palace Cuisine of India,$$,Kent,Hidden Gem,4.5,379
,Donuts,Mochinut Southcenter,n/a,Kent,Other,4,27
,Mexican,Antojitos Locos,n/a,Kent,Other,4,1
,American (Traditional),Crockett’s Public House,$$,Kent,Other,3.5,228
,Seafood,Duke’s Seafood,$$$,Kent,Other,4,643
,Pubs,Monte Carlo Pub,$$$$,Kent,Other,3.5,14
,Vietnamese,Hot Pho,$,Kent,Other,4,44
,Halal,Juba Restaurant & Cafe,$$,Kent,Hidden Gem,4.5,175
,Wine Bars,Vinifera Wine Bar & Bistro,$$,Kent,Other,4,176
,Bagels,Bruchelle’s Bagel Bistro,$$,Kent,Hidden Gem,4.5,170
,Bars,Bahama Breeze,$$,Kent,Other,4,925
,Breakfast & Brunch,IHOP,n/a,Kent,Other,3.5,6
,Seafood,Mr Camaron,n/a,Kent,Other,3,11
,Breakfast & Brunch,Jay Berry’s Cafe,$$,Kent,Other,4,439
,Beer Bar,UnderGround Kitchen,$$,Federal Way,Hidden Gem,4.5,234
,Korean,Kitchen Remix,n/a,Federal Way,Hidden Gem,4.5,82
,Hot Dogs,Seoul Hotdog,$,Federal Way,Hidden Gem,5,10
,Korean,MyungIn Dumplings,n/a,Federal Way,Hidden Gem,5,11
,Ramen,Tokyo-ya Ramen & Izakaya,$$,Federal Way,Other,4.5,930
,Hot Pot,Shabu Shabuya,n/a,Federal Way,Other,4,49
,Dim Sum,Engimono Ramen & Dim Sum,$$,Federal Way,Other,4,75
,Korean,So Moon Nan Jib,$$,Federal Way,Other,4,468
,Food Trucks,Birrieria Gourmet,n/a,Federal Way,Hidden Gem,4.5,4
,Latin American,Pimienta Bistro & Bar,$$,Federal Way,Hidden Gem,4.5,305
,Filipino,Lumpia World,$,Federal Way,Hidden Gem,4.5,118
,Vietnamese,Sizzle & Crunch Vietnamese Grill,n/a,Federal Way,Hidden Gem,4.5,25
,Korean,Yeadahm Korean Soup House,n/a,Federal Way,Hidden Gem,4.5,32
,Barbeque,Pac Island Grill,$$,Federal Way,Other,4,346
,Sushi Bars,Nami Sushi,n/a,Federal Way,Hidden Gem,4.5,125
,Korean,DaeBak Wang Mandoo,$,Federal Way,Hidden Gem,4.5,204
,Korean,Traditional Korean Beef Soup,$$,Federal Way,Hidden Gem,4.5,365
,Korean,Bogul Bogul Cafe,$$,Federal Way,Other,4,149
,Sports Bars,The Mill Steakhouse + Spirits,$$,Federal Way,Other,4,409
,Cantonese,May May Hong Kong BBQ,n/a,Federal Way,Other,4,169
,Italian,Mama Stortini’s - Federal Way,$$,Federal Way,Other,3.5,167
,Tacos,Señor Taco,$,Federal Way,Hidden Gem,4.5,290
,Korean,Red Stone Tofu House,$$,Federal Way,Other,4,230
,Izakaya,8ight,$$,Federal Way,Other,3.5,115
,Korean,Jin Kook Korean Restaurant,$$,Federal Way,Hidden Gem,5,14
,Chicken Shop,Vons Chicken,$$,Federal Way,Other,4,96
,Korean,Agit,$$,Federal Way,Other,4,28
,Burgers,Katsu Burger,$$,Federal Way,Other,4,160
,Hot Pot,Hotpot World Rotary,$$,Federal Way,Other,3.5,120
,Coffee & Tea,Poverty Bay Cafe & Coffee Co,$$,Federal Way,Other,3.5,491
,Coffee & Tea,Poverty Bay Cafe & Coffee Co,$$,Federal Way,Other,3.5,491
,Korean,Cockatoo’s Chicken Restaurant,$$,Federal Way,Other,4,117
,Thai,Kwan Tip Thai,$$,Federal Way,Other,4.5,506
,Korean,bb.q Chicken and Pub,n/a,Federal Way,Other,4,57
,Korean,Youngwol Noodle,$$,Federal Way,Hidden Gem,4.5,86
,American (Traditional),Jimmy Mac’s Roadhouse,$$,Federal Way,Other,3.5,384
,Korean,Yangpyung Seoul Restaurant,$$,Federal Way,Other,4,76
,Filipino,Manila’s Pride,$,Federal Way,Other,4,54
,Pizza,Pop’s Pizza & Pasta,$$,Federal Way,Hidden Gem,4.5,277
,Japanese,Koharu Restaurant,$$,Federal Way,Other,4,292
,Thai,Ban SomTum,$$,Federal Way,Other,4,370
,Sushi Bars,Musashi’s,n/a,Federal Way,Hidden Gem,4.5,14
,Indian,East India Grill,$$,Federal Way,Other,4,499
,American (New),Time Out Ale House,$$,Federal Way,Other,3.5,164
,Food Trucks,Chebogz Filipino Food Truck,$,Federal Way,Hidden Gem,4.5,66
,Mexican,Los Bigotes de Villa,$$,Federal Way,Hidden Gem,4.5,279
,Hawaiian,L&L Hawaiian Barbecue,$,Federal Way,Other,4,156
,Coffee & Tea,Cafe Remix,$$,Federal Way,Other,3.5,28
,Korean,ChangGo Restaurant,n/a,Federal Way,Other,3.5,5
,Burgers,Burger Express,$,Federal Way,Other,4,386
,Vietnamese,Pho My Chau 2,n/a,Federal Way,Hidden Gem,4.5,7
,Burgers,Burger Express,$,Federal Way,Other,4,386
,Burgers,Monster Burger,$,Federal Way,Other,4,194
,Italian,Verrazano’s,$$,Federal Way,Other,3.5,217
,Steakhouses,Tokyo Japanese Steak House,$$,Federal Way,Other,3.5,349
,Mongolian,Green Iron Mongolian Grill,n/a,Federal Way,Hidden Gem,5,1
,Mediterranean,Mediterranean Gyro Grill,$$,Federal Way,Other,4,416
,Sushi Bars,Trapper’s Sushi - Federal Way,$$,Federal Way,Other,3.5,176
,Laotian,Sweet Rice,$$,Federal Way,Other,4,181
,Japanese Curry,K-Ton Japanese Cuisine,$,Federal Way,Other,4,64
,Breakfast & Brunch,Sun Break Cafe,$$,Federal Way,Other,4,663
,Laotian,Sweet Rice,$$,Federal Way,Other,4,181
,Mexican,Taquería La Tentación,$,Federal Way,Other,4,188
,Vietnamese,Pho Fusion & Grill,$$,Federal Way,Other,4,192
,Sushi Bars,Best Sushi,$$,Federal Way,Other,4,180
,Soup,Pho 7 Simmering Soup,n/a,Federal Way,Hidden Gem,4.5,9
,Desserts,Hello Banh Mi,$,Federal Way,Other,4,113
,Cafes,Biscuits Cafe,$$,Federal Way,Other,3.5,358
,Thai,Bangkok Garden Street Food,$$,Federal Way,Other,4,194
,Barbeque,Jack’s BBQ - Algona,$$,Federal Way,Hidden Gem,4.5,130
,Mexican,3 T’s & MORE Mexican Restaurant,n/a,Federal Way,Hidden Gem,5,36
,Salvadoran,Mi Chalateca,$$,Federal Way,Other,4,94
,Sushi Bars,Sapporo Sushi & Roll,$$,Federal Way,Hidden Gem,4.5,349
,Diners,Black Bear Diner,$$,Federal Way,Other,3,598
,Seafood,Salty’s at Redondo Beach - Temp. CLOSED,$$$,Federal Way,Other,3.5,605
,Fish & Chips,The Frying Dutchman,$,Federal Way,Hidden Gem,4.5,42
,Vietnamese,urban chops,$,Federal Way,Hidden Gem,4.5,260
,Mediterranean,Mediterranean Breeze Restaurant Kent,$$,Federal Way,Hidden Gem,4.5,132
,American (Traditional),Billy McHale’s,$$,Federal Way,Other,3,178
,Food Trucks,Volcano Joes Kitchen,$,Federal Way,Hidden Gem,5,1
,Pizza,The Rock Wood Fired Pizza,$$,Federal Way,Other,3,565
,Food Trucks,Cubanos On Wheels,n/a,Federal Way,Other,3,3
,Pizza,Pizza Pizazz,$$,Federal Way,Other,4,290
,Steakhouses,Black Angus Steakhouse,$$,Federal Way,Other,3,383
,Chinese,Peking Express,$,Federal Way,Other,4,101
,Vietnamese,Pho Trang,$,Federal Way,Hidden Gem,4.5,100
,Mexican,California Burrito Taco Shop,$,Federal Way,Other,3.5,104
,Korean,Yummy Banchan,$,Federal Way,Other,4,23
,Korean,Cho Dang Tofu Restaurant,$$,Federal Way,Other,4,241
,Pizza,Vince’s Italian Restaurant & Pizzeria,$$,Federal Way,Other,3,230
,Pizza,Vince’s Italian Restaurant & Pizzeria,$$,Federal Way,Other,3,230
,Pizza,Gino’s Pizza,n/a,Federal Way,Other,4,27
,Cafes,Cafe Noir,$$,Federal Way,Other,3.5,241
,Barbeque,KC Deez BBQ,$,Federal Way,Hidden Gem,4.5,76
,Vietnamese,Crazy Pho Cajun,$$,Federal Way,Other,3.5,331
,Seafood,Ivar’s Seafood Bar,$$,Federal Way,Other,4,99
,Fast Food,Chick-fil-A,$,Federal Way,Other,4,121
,Salvadoran,Pupuseria and Taqueria La Princesa,n/a,Federal Way,Other,3.5,21
,Mongolian,Jasmine Mongolian Grill,$$,Federal Way,Other,3.5,298
,Vietnamese,Pho Kim,$,Federal Way,Other,4,220
,Greek,Gyros House,$,Federal Way,Other,4,156
,Soul Food,Serious Soul At Cubby’s,$$,Federal Way,Other,4,144
,Korean,Ya Rae Hyang,n/a,Federal Way,Other,3,12
,Sports Bars,Scoreboard,$$,Federal Way,Other,3.5,97
,Mexican,Antojitos Michalisco,$,Federal Way,Hidden Gem,4.5,42
,Sandwiches,Oliver’s Sandwiches,$,Federal Way,Other,4,317
,Chinese,New Peking Wok,$$,Federal Way,Other,3.5,140
,Sushi Bars,Blue Island Sushi and Roll,$$,Federal Way,Other,3.5,371
,Barbeque,Pecos Pit Bar-b-que,n/a,Federal Way,Other,4,2
,Southern,Ezell’s Famous Chicken,$,Federal Way,Other,3,89
,Mexican,La Herradura Taqueria y Pupuseria,$$,Federal Way,Other,4,72
,Vietnamese,Pho Quynh,$,Federal Way,Other,4,167
,Coffee & Tea,Honey Bear Vietnamese Sandwich Banh Mi,$,Federal Way,Hidden Gem,4.5,101
,Korean,Hae Song Korean BBQ,$$,Federal Way,Other,3.5,146
,Korean,Kum Kang San BBQ Grill Buffet,$$,Federal Way,Other,3.5,521
,Burgers,Flame Burger Plus,$,Federal Way,Other,4,113
,Chinese,Grand Peking,$$,Federal Way,Other,3,271
,Chinese,CIRCLE CHINESE CUISINE,n/a,Federal Way,Hidden Gem,4.5,8
,Japanese,Akasaka Restaurant,$$,Federal Way,Other,3.5,204
,Bubble Tea,BobaLust,n/a,Federal Way,Hidden Gem,4.5,34
,Burgers,Pick-Quick Drive In,$,Federal Way,Other,4,326
,Buffets,Hibachi Buffet,$$,Federal Way,Other,3.5,406
,Pizza,MOD Pizza,$,Federal Way,Other,3,143
,Bubble Tea,BobaLust,n/a,Federal Way,Hidden Gem,4.5,34
,Korean,Palace Korean Bar & Grill,$$,Federal Way,Other,3,524
,Cafes,A Spoonful Of Sugar Cafe,$,Federal Way,Hidden Gem,4.5,78
,Japanese,International Teriyaki House,$,Federal Way,Other,4,85
,Vietnamese,Pho Tai,$,Federal Way,Other,2.5,515
,Japanese,Happy Express,$$,Federal Way,Hidden Gem,4.5,163
,Irish,Oddfellas Pub & Eatery,$$,Federal Way,Other,3.5,375
,Irish,Oddfellas Pub & Eatery,$$,Federal Way,Other,3.5,375
,Chicken Wings,Buffalo Wild Wings,$$,Federal Way,Other,2,558
,Thai,Iyara Thai Cuisine - Auburn,n/a,Federal Way,Hidden Gem,4.5,37
,Bars,Dave’s of Milton,$$,Federal Way,Other,4,116
,Thai,Thai Bistro,$$,Federal Way,Other,3.5,331
,Breakfast & Brunch,Village Inn,$$,Federal Way,Other,3,76
,Breakfast & Brunch,Sam’s Kitchen,$,Federal Way,Hidden Gem,4.5,20
,Food Stands,Sizzle Dogs,n/a,Federal Way,Hidden Gem,5,4
,Wine Bars,Vinifera Wine Bar & Bistro,$$,Federal Way,Other,4,176
,Health Markets,Marlene’s Market & Deli,$$,Federal Way,Other,4,165
,Seafood,Red Lobster,$$,Federal Way,Other,3,245
,Latin American,Mi Bella Honduras Restaurant,$$,Federal Way,Hidden Gem,4.5,52
,Delis,Joe’s Deli,$,Federal Way,Other,3.5,57
,Sandwiches,Mason’s Quick Bite,n/a,Federal Way,Other,3.5,4
,Coffee & Tea,Gravity Coffee - Federal Way North,$,Federal Way,Other,4,52
,Korean,Shin Sung Restaurant,$$,Federal Way,Other,3.5,324
,Italian,Olive Garden Italian Restaurant,$$,Federal Way,Other,3,224
,American (Traditional),Applebee’s Grill + Bar,$$,Federal Way,Other,2.5,206
,Korean,Mirak Korean BBQ Restaurant,$$,Federal Way,Other,3.5,141
,Mexican,Puerto Vallarta Restaurant,$$,Federal Way,Other,3,157
,Mediterranean,Ishtar Greek & Mediterranean Cuisine,$,Federal Way,Other,4,343
,Coffee & Tea,B&R Espresso Bar,$,Federal Way,Other,4,60
,Delis,Hong Kong Market,$,Federal Way,Other,4,43
,Mexican,Garcia’s Mexican Restaurant & Cantina,$$,Federal Way,Other,4,152
,Korean,Malri Hyang,$$,Federal Way,Other,3.5,89
,Burgers,Five Guys,$$,Federal Way,Other,3,80
,Mexican,Puerto Vallarta Restaurant,$$,Federal Way,Other,3.5,113
,Ramen,I Love Ramen,$$,Federal Way,Other,3.5,205
,Mexican,Torero’s Taqueria,$,Federal Way,Other,4,31
,Thai,Thai Restaurant In Fife,$,Federal Way,Other,4,172
,Sandwiches,Smuggler’s Deli,n/a,Federal Way,Hidden Gem,4.5,6
,Bubble Tea,Angel Boba And Sandwiches,n/a,Federal Way,Other,4,21
,Japanese,Yoko Teriyaki,$,Federal Way,Hidden Gem,4.5,62
,Mexican,Taqueria 3 Hermanos,$,Federal Way,Other,4,54
,Soup,Teriyaki House,$,Federal Way,Other,4,51
,Mexican,Angelica’s Restaurant & Lounge,$$,Federal Way,Other,3,83
,American (Traditional),Dave & Buster’s,$$,Federal Way,Other,2.5,619
,Burgers,Pit Stop,$,Federal Way,Hidden Gem,4.5,11
,Mexican,Azteca Mexican Restaurant,n/a,Federal Way,Other,2.5,13
,Ice Cream & Frozen Yogurt,Nutri Fruti,$,Federal Way,Other,3.5,24
,Breakfast & Brunch,Rainbow Cafe,$$,Federal Way,Other,3.5,154
,Hot Dogs,Wienerschnitzel,n/a,Federal Way,Other,3,28
,Bakeries,Mae Mee Bakery,$,Federal Way,Other,4,49
,Bars,The Milton Lodge,$$,Federal Way,Other,3.5,24
,Thai,Basil Thai Restaurant,n/a,Federal Way,Other,4,1
,Thai,Northshore Thai Cuisine,$$,Federal Way,Other,3.5,163
,Cafes,Ladybug Bikini Espresso,n/a,Federal Way,Other,4,4
,Fast Food,Chili Fries,n/a,Federal Way,Other,4,5
,African,Africana Cuisine,n/a,Federal Way,Other,,
,Vietnamese,Pho Saigon Garden,$,Federal Way,Hidden Gem,4.5,349
,Vietnamese,Pho Saigon Garden,$,Federal Way,Hidden Gem,4.5,349
,Japanese,Hana Teriyaki Restaurant,$,Federal Way,Other,3.5,108
,Cafes,Lizzie Lou’s Too,$,Federal Way,Hidden Gem,4.5,41
,Pizza,BSN Pizza,$,Federal Way,Other,4,60
,Coffee & Tea,Zola’s Cafe,$,Federal Way,Other,4,187
,Pizza,Can Am Pizza,$$,Federal Way,Other,3.5,51
,Vietnamese,Top Pho,$,Federal Way,Other,4,90
,Vietnamese,Pho Luu,n/a,Federal Way,Hidden Gem,4.5,19
,African,Africana Cuisine,n/a,Federal Way,Other,,
,Indian,Maharaj Cuisine Of India,$$,Federal Way,Other,3.5,81
,Indian,Maharaj Cuisine Of India,$$,Federal Way,Other,3.5,81
,Vietnamese,Linh Son Restaurant,$,Federal Way,Other,3.5,179
,Korean,H Mart Restaurant,$,Federal Way,Other,3,28
,Chinese,House Teriyaki Wok,$,Federal Way,Other,3.5,90
,Mexican,Tortas Locas Federal Way,$,Federal Way,Other,3,17
,Sports Bars,Stimpy’s Sports Bar & Grill,$$,Federal Way,Other,4,53
,Japanese,Ichi Teriyaki,$,Federal Way,Other,3.5,89
,Vietnamese,Pho Hoang,$,Federal Way,Other,3.5,117
,Coffee & Tea,Café del Cielo,$,Federal Way,Other,4,15
,Tacos,Taqueria Sinaloa,n/a,Federal Way,Other,4,9
,Asian Fusion,Tamu Foods,n/a,Federal Way,Hidden Gem,5,2
,Vietnamese,Pho Bach Vietnamese Restaurant,$,Federal Way,Other,3.5,67
,Burgers,Herfy’s Burgers,$,Federal Way,Other,4,59
,Burgers,Burger Han’s,$,Federal Way,Other,3.5,72
,Vietnamese,Pho Tasty,$,Federal Way,Other,4,140
,Mexican,La Chapanita,n/a,Federal Way,Other,4,16
,Lounges,Rafiki Restaurant & Lounge,n/a,Federal Way,Other,4,31
,Seafood,Tides,n/a,Federal Way,Other,1,1
,Mexican,Mariscos Culiacan,$$$$,Federal Way,Other,2.5,21
,Japanese,Yoko’s Teriyaki Bistro,$,Federal Way,Other,3,70
,Breakfast & Brunch,IHOP,$$,Federal Way,Other,2.5,126
,Mexican,Birrieria Apatzingan,n/a,Federal Way,Hidden Gem,5,1
,Food Delivery Services,Annie’s Lunch Counter,n/a,Federal Way,Hidden Gem,5,13
,Mexican,Del Taco,$,Federal Way,Other,3.5,172
,Japanese,Asiana Teriyaki,$,Federal Way,Other,4,46
,Bakeries,Lilly’s Bakery & Deli,$,Federal Way,Hidden Gem,4.5,26
,Lounges,Rafiki Restaurant & Lounge,n/a,Federal Way,Other,4,31
,Restaurants,K C Drive-In Restaurant,n/a,Federal Way,Hidden Gem,5,1
,Delis,Marvel Food & Deli,$$,Federal Way,Other,4,71
,Sushi Bars,Seoul Garden,n/a,Federal Way,Other,,
,Steakhouses,Original Roadhouse Grill,n/a,Federal Way,Other,,
,Mexican,Sushinola,n/a,Federal Way,Other,3.5,29
,American (Traditional),Emerald Downs-Rainier Terrace,n/a,Federal Way,Other,,
,Japanese,Happy Teriyaki,$$,Federal Way,Other,4,167
,Chinese,Magic Wok Restaurant,$$,Federal Way,Other,3,96
,Middle Eastern,Pabla Punjabi Palace,n/a,Federal Way,Other,4,1
,American (New),Mediterranean Salad and Grill,n/a,Federal Way,Hidden Gem,5,1
,Food Trucks,Taqueria El Corral,$,Federal Way,Hidden Gem,4.5,24
,Pizza,New York Vinny’s Pizza,$,Federal Way,Other,3.5,117
,Sports Bars,Jersey’s Sports Bar,$$,Federal Way,Other,3,68
,Bowling,Secoma Lanes,$$,Federal Way,Other,3,45
,Restaurants,Sonia Kitchen,n/a,Federal Way,Hidden Gem,5,1
Seattle,Hot Dogs,Absolut Hot Dog,$,Federal Way,Hidden Gem,5,6
,Coffee & Tea,PNW Coffee Co,$,Federal Way,Hidden Gem,4.5,30
,Mexican,Los Amigos Taqueria II,$,Federal Way,Other,3,83
,Mexican,Chipotle Mexican Grill,$,Federal Way,Other,3,147
,Burgers,Paul’s Burger and Teriyaki,$,Federal Way,Other,4,20
,Thai,Koong Thong Thai Cuisine,$,Federal Way,Other,4,191
,Delis,Leaf’s Deli,$,Federal Way,Hidden Gem,4.5,17
,Fast Food,Steven & Sons,n/a,Federal Way,Hidden Gem,5,8